Lfd.Nr.;Gewinn;"Sponsor Anrede";Sponsor Name;Sponsor Strasse;Sponsor PLZ und Ort;e-mail;" Bar Spende â‚¬ ";reine Sachspende;Gewinn;"Wert Spende â‚¬";"akquisiert durch wen";Lagerort Gewinn;Erfasst von:
1;502;Althoff;Grandhotel Schloss Bensberg;Kadettenstrasse;51429 Bergisch Gladach;info@schlossbensberg.com;;;Gutschein Day Spa;79,00;Manuela Rex-Eberle;wird persÃ¶nlich Ã¼bergeben ;Manuela Rex-Eberle
2;751;Frau;Susanne Herbers Herzensglueck  Bensberg;SchloÃŸstr. 13;51429 Bergisch Gladach;02204-9795494;;;Gutschein;20,00;Brigitte Hoffmann;im GeschÃ¤ft;Clementine
3;2775;Frau;Susanne Herbers Herzensglueck  Bensberg;SchloÃŸstr. 13;51429 Bergisch Gladach;02204-9795494;;;Gutschein;20,00;Brigitte Hoffmann;im GeschÃ¤ft;Clementine
4;1275;Frau ;Susanne Herbers Herzensglueck  Bensberg;SchloÃŸstr. 13;51429 Bergisch Gladach;02204-9795494;;;Gutschein;20,00;Brigitte Hoffmann;im GeschÃ¤ft;Clementine
5;3439;Frau ;Susanne Herbers Herzensglueck  Bensberg;SchloÃŸstr. 13;51429 Bergisch Gladach;02204-9795494;;;Gutschein;20,00;Brigitte Hoffmann;im GeschÃ¤ft;Clementine
6;2553;Frau ;Susanne Herbers Herzensglueck  Bensberg;SchloÃŸstr. 13;51429 Bergisch Gladach;02204-9795494;;;Gutschein;20,00;Brigitte Hoffmann;im GeschÃ¤ft;Clementine
7;849;Gerhard KrÃ¶cher;Konzept Koerper  Roesrath;G. Reusch-Str.12;51503 RÃ¶srath;info@konzept-koerper.de;;;Gutschein Massage;29,00;Andrea Siebert;in der Praxis;Andrea
8;406;Gerhard KrÃ¶cher;Konzept Koerper  Roesrath;G. Reusch-Str.12;51503 RÃ¶srath;info@konzept-koerper.de;;;Gutschein Massage;29,00;Andrea Siebert;in der Praxis;Andrea
9;1677;Gerhard KrÃ¶cher;Konzept Koerper  Roesrath;G. Reusch-Str.12;51503 RÃ¶srath;info@konzept-koerper.de;;;Gutschein Massage;29,00;Andrea Siebert;in der Praxis;Andrea
10;2352;Gerhard KrÃ¶cher;Konzept Koerper  Roesrath;G. Reusch-Str.12;51503 RÃ¶srath;info@konzept-koerper.de;;;Gutschein Massage;29,00;Andrea Siebert;in der Praxis;Andrea
11;1601;Gerhard KrÃ¶cher;Konzept Koerper  Roesrath;G. Reusch-Str.12;51503 RÃ¶srath;info@konzept-koerper.de;;;Gutschein Massage;29,00;Andrea Siebert;in der Praxis;Andrea
12;474;Mediterana GmbH;Mediterana GmbH Bergisch Gladbach;Saaler MÃ¼hle 1;51429 Bergisch Gladach;02204-22042020;;;Tagesgutschein Wellness;52,00;Elisabeth Schwar;wird verschickt;Andrea
13;3496;Mediterana GmbH;Mediterana GmbH Bergisch Gladbach;Saaler MÃ¼hle 1;51429 Bergisch Gladach;02204-22042020;;;Tagesgutschein Wellness;52,00;Elisabeth Schwar;wird verschickt;Andrea
14;1970;Nina RÃ¼ter;Am Alten Fronhof Herkenrath;Im Fronhof 21;51429 Bergisch Gladbach;0049 1635551501;;;Gutsch. Reibekuchenessen;40,00;Svenja Schauten;im Restaurant;Martina
15;617;Mario Winkler;Obst & Gemuese Winkler Wochenmarkt;SandbÃ¼chel 33;51427 Bergisch Gladbach;obstmariowinkler@aol.com;;;Gutschein;10,00;Martina Uedelhoven;Marktstand Bensberg;Martina
16;3115;Mario Winkler;Obst & Gemuese Winkler Wochenmarkt;SandbÃ¼chel 33;51427 Bergisch Gladbach;obstmariowinkler@aol.com;;;Gutschein;10,00;Martina Uedelhoven;Marktstand Bensberg;Martina
17;1651;Mario Winkler;Obst & Gemuese Winkler Wochenmarkt;SandbÃ¼chel 33;51427 Bergisch Gladbach;obstmariowinkler@aol.com;;;Gutschein;10,00;Martina Uedelhoven;Marktstand Bensberg;Martina
18;139;Mario Winkler;Obst & Gemuese Winkler Wochenmarkt;SandbÃ¼chel 33;51427 Bergisch Gladbach;obstmariowinkler@aol.com;;;Gutschein;10,00;Martina Uedelhoven;Marktstand Bensberg;Martina
19;49;Herr Zeuge;Bensberger Weinlaedchen;SchloÃŸstr. 31A;51429 Bergisch Gladbach;;;;Gutschein;15,00;Martina Uedelhoven;im GeschÃ¤ft;Martina
20;2236;Herr Zeuge;Bensberger Weinlaedchen;SchloÃŸstr. 31A;51430 Bergisch Gladbach;;;;Gutschein;15,00;Martina Uedelhoven;im GeschÃ¤ft;Martina
21;3757;Herr Zeuge;Bensberger Weinlaedchen;SchloÃŸstr. 31A;51431 Bergisch Gladbach;;;;Gutschein;15,00;Martina Uedelhoven;im GeschÃ¤ft;Martina
22;3779;Herr Zeuge;Bensberger Weinlaedchen;SchloÃŸstr. 31A;51432 Bergisch Gladbach;;;;Gutschein;15,00;Martina Uedelhoven;im GeschÃ¤ft;Martina
23;2753;Stefan BÃ¼scher;Mobau Buescher  Overath;Johann- BÃ¼scher Str.1-3;51491 Overath;;;;Praesent;Ueberraschung;Elisabeth Schwar;im GeschÃ¤ft;Martina
24;691;KSK KÃ¶ln BST 750;KSK Koeln, Fil. Berg.-Gladbach;Neumarkt 18-24;50667 KÃ¶ln;;;;Gutschein Kraeuterhaus Schad ;20,00;Susanne Bittner;Anna;Martina
25;3756;KSK KÃ¶ln BST 750;KSK Koeln, Fil. Berg.-Gladbach;Neumarkt 18-24;50667 KÃ¶ln;;;;Gutschein Kraeuterhaus Schad ;20,00;Susanne Bittner;Anna;Martina
26;2013;KSK KÃ¶ln BST 750;KSK Koeln, Fil. Berg.-Gladbach;Neumarkt 18-24;50667 KÃ¶ln;;;;Gutschein Kraeuterhaus Schad ;20,00;Susanne Bittner;Anna;Martina
27;495;KSK KÃ¶ln BST 750;KSK Koeln, Fil. Berg.-Gladbach;Neumarkt 18-24;50667 KÃ¶ln;;;;Gutschein Espresso Perfetto;20,00;Susanne Bittner;Anna;Martina
28;1781;KSK KÃ¶ln BST 750;KSK Koeln, Fil. Berg.-Gladbach;Neumarkt 18-24;50667 KÃ¶ln;;;;Gutschein Espresso Perfetto;20,00;Susanne Bittner;Anna;Martina
29;485;KSK KÃ¶ln BST 750;KSK Koeln, Fil. Berg.-Gladbach;Neumarkt 18-24;50667 KÃ¶ln;;;;Gutschein Espresso Perfetto;25,00;Susanne Bittner;Anna;Martina
30;2365;KSK KÃ¶ln BST 750;KSK Koeln, Fil. Berg.-Gladbach;Neumarkt 18-24;50667 KÃ¶ln;;;;Gutschein Espresso Perfetto;25,00;Susanne Bittner;;
31;2182;Marcos Restaurant;Marcos Restaurant Bensberg;SchloÃŸstr. 33;51429 Bergisch Gladbach;02204-4805960;;;Gutschein;20,00;Anette Offermann;Anette Offermann;Clementine
32;3747;Marcos Restaurant;Marcos Restaurant Bensberg;SchloÃŸstr. 33;51429 Bergisch Gladbach;02204-4805960;;;Gutschein;20,00;Anette Offermann;Anette Offermann;Clementine
33;2697;Marcos Restaurant;Marcos Restaurant Bensberg;SchloÃŸstr. 33;51429 Bergisch Gladbach;02204-4805960;;;Gutschein;20,00;Anette Offermann;Anette Offermann;Clementine
34;2657;Dieter Schmitz;Wild & Gefluegel Robbe Wochenmarkt ;;Bergisch Gladbach;;;;Gutschein;25,00;Anette Offermann;Anette Offermann;Clementine
35;3108;Dieter Schmitz;Wild & Gefluegel Robbe Wochenmarkt ;;Bergisch Gladbach;;;;Gutschein;25,00;Anette Offermann;Anette Offermann;Clementine
36;365;Dieter Schmitz;Wild & Gefluegel Robbe Wochenmarkt ;;Bergisch Gladbach;;;;Gutschein;25,00;Anette Offermann;Anette Offermann;Clementine
37;2725;Dieter Schmitz;Wild & Gefluegel Robbe Wochenmarkt ;;Bergisch Gladbach;;;;Gutschein;25,00;Anette Offermann;Anette Offermann;Clementine
38;3505;Dieter Schmitz;Wild & Gefluegel Robbe Wochenmarkt ;;Bergisch Gladbach;;;;Gutschein;25,00;Anette Offermann;Anette Offermann;Clementine
39;683;Dieter Schmitz;Wild & Gefluegel Robbe Wochenmarkt ;;Bergisch Gladbach;;;;Gutschein;25,00;Anette Offermann;Anette Offermann;Clementine
40;1818;Dieter Schmitz;Wild & Gefluegel Robbe Wochenmarkt ;;Bergisch Gladbach;;;;Gutschein;25,00;Anette Offermann;Anette Offermann;Clementine
41;1366;Dieter Schmitz;Wild & Gefluegel Robbe Wochenmarkt ;;Bergisch Gladbach;;;;Gutschein;25,00;Anette Offermann;Anette Offermann;Clementine
42;167;Monika Gieraths-Heller;LappLand WaschstraÃŸe Bensberg;Jakobstr. 59;51465 Bergisch Gladbach;;;;Autowaesche;Gutschein;Anette Offermann;Anette Offermann;Clementine
43;784;Monika Gieraths-Heller;LappLand WaschstraÃŸe Bensberg;Jakobstr. 59;51465 Bergisch Gladbach;;;;Autowaesche;Gutschein;Anette Offermann;Anette Offermann;Clementine
44;3404;Monika Gieraths-Heller;LappLand WaschstraÃŸe Bensberg;Jakobstr. 59;51465 Bergisch Gladbach;;;;Autowaesche;Gutschein;Anette Offermann;Anette Offermann;Clementine
45;3525;Monika Gieraths-Heller;LappLand WaschstraÃŸe Bensberg;Jakobstr. 59;51465 Bergisch Gladbach;;;;Autowaesche;Gutschein;Anette Offermann;Anette Offermann;Clementine
46;1778;Monika Gieraths-Heller;LappLand WaschstraÃŸe Bensberg;Jakobstr. 59;51465 Bergisch Gladbach;;;;Autowaesche;Gutschein;Anette Offermann;Anette Offermann;Clementine
47;2616;Monika Gieraths-Heller;LappLand WaschstraÃŸe Bensberg;Jakobstr. 59;51465 Bergisch Gladbach;;;;Autowaesche;Gutschein;Anette Offermann;Anette Offermann;Clementine
48;3864;Monika Gieraths-Heller;LappLand WaschstraÃŸe Bensberg;Jakobstr. 59;51465 Bergisch Gladbach;;;;Autowaesche;Gutschein;Anette Offermann;Anette Offermann;Clementine
49;3842;Monika Gieraths-Heller;LappLand WaschstraÃŸe Bensberg;Jakobstr. 59;51465 Bergisch Gladbach;;;;Autowaesche;Gutschein;Anette Offermann;Anette Offermann;Clementine
50;3146;Monika Gieraths-Heller;LappLand WaschstraÃŸe Bensberg;Jakobstr. 59;51465 Bergisch Gladbach;;;;Autowaesche;Gutschein;Anette Offermann;Anette Offermann;Clementine
51;1067;Monika Gieraths-Heller;LappLand WaschstraÃŸe Bensberg;Jakobstr. 59;51465 Bergisch Gladbach;;;;Autowaesche;Gutschein;Anette Offermann;Anette Offermann;Clementine
52;1689;Feinkost Kilic;Feinkost Kilic Wochenmarkt;;;;;;Gutschein;25,00;Anette Offermann;Anette Offermann;Clementine
53;3961;Brigitte Knoche;Herz Apotheke Roesrath;Hauptstr.253;51503 RÃ¶srath;herz.apotheke@t-online.de;;;Gutschein;10,00;Andrea Siebert;im GeschÃ¤ft;Andrea
54;1987;Brigitte Knoche;Herz Apotheke Roesrath;Hauptstr.253;51503 RÃ¶srath;herz.apotheke@t-online.de;;;Gutschein;10,00;Andrea Siebert;im GeschÃ¤ft;Andrea
55;2930;Brigitte Knoche;Herz Apotheke Roesrath;Hauptstr.253;51503 RÃ¶srath;herz.apotheke@t-online.de;;;Gutschein;10,00;Andrea Siebert;im GeschÃ¤ft;Andrea
56;1462;Brigitte Knoche;Herz Apotheke Roesrath;Hauptstr.253;51503 RÃ¶srath;herz.apotheke@t-online.de;;;Gutschein;10,00;Andrea Siebert;im GeschÃ¤ft;Andrea
57;1605;Brigitte Knoche;Herz Apotheke Roesrath;Hauptstr.253;51503 RÃ¶srath;herz.apotheke@t-online.de;;;Gutschein;10,00;Andrea Siebert;im GeschÃ¤ft;Andrea
58;2866;Brigitte Knoche;Herz Apotheke Roesrath;Hauptstr.253;51503 RÃ¶srath;herz.apotheke@t-online.de;;;Gutschein;10,00;Andrea Siebert;im GeschÃ¤ft;Andrea
59;1363;Brigitte Knoche;Herz Apotheke Roesrath;Hauptstr.253;51503 RÃ¶srath;herz.apotheke@t-online.de;;;Gutschein;10,00;Andrea Siebert;im GeschÃ¤ft;Andrea
60;102;Brigitte Knoche;Herz Apotheke Roesrath;Hauptstr.253;51503 RÃ¶srath;herz.apotheke@t-online.de;;;Gutschein;10,00;Andrea Siebert;im GeschÃ¤ft;Andrea
61;3039;Brigitte Knoche;Herz Apotheke Roesrath;Hauptstr.253;51503 RÃ¶srath;herz.apotheke@t-online.de;;;Gutschein;10,00;Andrea Siebert;im GeschÃ¤ft;Andrea
62;3330;Brigitte Knoche;Herz Apotheke Roesrath;Hauptstr.253;51503 RÃ¶srath;herz.apotheke@t-online.de;;;Gutschein;10,00;Andrea Siebert;im GeschÃ¤ft;Andrea
63;2139;Karl-Alfred Scholz;Linden Apotheke Refrath;Siebenmorgen 39;51427 Bergisch Gladbach;apo@gesund-in-refrath.de;;;Gutschein;20,00;Roswitha Burger;wird verschickt;Andrea
64;2079;Karl-Alfred Scholz;Linden Apotheke Refrath;Siebenmorgen 39;51427 Bergisch Gladbach;apo@gesund-in-refrath.de;;;Gutschein;20,00;Roswitha Burger;wird verschickt;Andrea
65;591;Karl-Alfred Scholz;Linden Apotheke Refrath;Siebenmorgen 39;51427 Bergisch Gladbach;apo@gesund-in-refrath.de;;;Gutschein;20,00;Roswitha Burger;wird verschickt;Andrea
66;2111;Karl-Alfred Scholz;Linden Apotheke Refrath;Siebenmorgen 39;51427 Bergisch Gladbach;apo@gesund-in-refrath.de;;;Gutschein;20,00;Roswitha Burger;wird verschickt;Andrea
67;1184;Karl-Alfred Scholz;Linden Apotheke Refrath;Siebenmorgen 39;51427 Bergisch Gladbach;apo@gesund-in-refrath.de;;;Gutschein;20,00;Roswitha Burger;wird verschickt;Andrea
68;3740;Karl-Alfred Scholz;Linden Apotheke Refrath;Siebenmorgen 39;51427 Bergisch Gladbach;apo@gesund-in-refrath.de;;;Gutschein;20,00;Roswitha Burger;wird verschickt;Andrea
69;847;Karl-Alfred Scholz;Linden Apotheke Refrath;Siebenmorgen 39;51427 Bergisch Gladbach;apo@gesund-in-refrath.de;;;Gutschein;20,00;Roswitha Burger;wird verschickt;Andrea
70;1791;Karl-Alfred Scholz;Linden Apotheke Refrath;Siebenmorgen 39;51427 Bergisch Gladbach;apo@gesund-in-refrath.de;;;Gutschein;20,00;Roswitha Burger;wird verschickt;Andrea
71;275;Karl-Alfred Scholz;Linden Apotheke Refrath;Siebenmorgen 39;51427 Bergisch Gladbach;apo@gesund-in-refrath.de;;;Gutschein;20,00;Roswitha Burger;wird verschickt;Andrea
72;1278;Karl-Alfred Scholz;Linden Apotheke Refrath;Siebenmorgen 39;51427 Bergisch Gladbach;apo@gesund-in-refrath.de;;;Gutschein;20,00;Roswitha Burger;wird verschickt;Andrea
73;2997;Stefan Wiehe; S. Wiehe Tankstellen Shell Station Refrath;Lustheide 110;51427 Bergisch Gladbach;lustheide.tankstelle.wiehe@gmx.de;;;Gutschein;10,00;Martina Uedelhoven;Anna;Martina
74;2434;Stefan Wiehe; S. Wiehe Tankstellen Shell Station Refrath;Lustheide 110;51427 Bergisch Gladbach;lustheide.tankstelle.wiehe@gmx.de;;;Gutschein;10,00;Martina Uedelhoven;Anna;Martina
75;2888;Stefan Wiehe; S. Wiehe Tankstellen Shell Station Refrath;Lustheide 110;51427 Bergisch Gladbach;lustheide.tankstelle.wiehe@gmx.de;;;Gutschein;10,00;Martina Uedelhoven;Anna;Martina
76;2152;Stefan Wiehe; S. Wiehe Tankstellen Shell Station Refrath;Lustheide 110;51427 Bergisch Gladbach;lustheide.tankstelle.wiehe@gmx.de;;;Gutschein;10,00;Martina Uedelhoven;Anna;Martina
77;3309;Stefan Wiehe; S. Wiehe Tankstellen Shell Station Refrath;Lustheide 110;51427 Bergisch Gladbach;lustheide.tankstelle.wiehe@gmx.de;;;Gutschein;10,00;Martina Uedelhoven;Anna;Martina
78;1118;Stefan Wiehe; S. Wiehe Tankstellen Shell Station Refrath;Lustheide 110;51427 Bergisch Gladbach;lustheide.tankstelle.wiehe@gmx.de;;;Gutschein;25,00;Martina Uedelhoven;Anna;Martina
79;1521;Stefan Wiehe; S. Wiehe Tankstellen Shell Station Refrath;Lustheide 110;51427 Bergisch Gladbach;lustheide.tankstelle.wiehe@gmx.de;;;Gutschein;25,00;Martina Uedelhoven;Anna;Martina
80;2961;Stefan Wiehe; S. Wiehe Tankstellen Shell Station Refrath;Lustheide 110;51427 Bergisch Gladbach;lustheide.tankstelle.wiehe@gmx.de;;;Gutschein;25,00;Martina Uedelhoven;Anna;Martina
81;607;Sandra OberdÃ¶rster;Blumen & Geschenke Sandra Oberdoerster Wahlscheid;Wahlscheider Str. 24;53797 Lohmar;sandra-oberdoerster@t-online.de;;;BlumenstrauÃŸ Gutschein;25,00;Martina Uedelhoven;im GeschÃ¤ft;Martina
82;733;Markus Fischer;VR Bank eG Bergisch Gladbach-Leverkusen ;Hauptstr.186;51465 Bergisch Gladbach;markus.fischer@vrbankgl.de; 500,00 ;;Apple iPad;10. Generation;Martina Uedelhoven;wird persÃ¶nlich Ãœbergeben;Martina
83;3901;Judith Thome Wenz;Weinhandlung Thome-Wenz Roesrath;Hauptstr. 167;51503 RÃ¶srath;;;;Gutschein;20,00;Martina Uedelhoven;im GeschÃ¤ft;Martina
84;648;Judith Thome Wenz;Weinhandlung Thome-Wenz Roesrath;Hauptstr. 167;51503 RÃ¶srath;;;;Gutschein;20,00;Martina Uedelhoven;im GeschÃ¤ft;Martina
85;2393;Judith Thome Wenz;Weinhandlung Thome-Wenz Roesrath;Hauptstr. 167;51503 RÃ¶srath;;;;Gutschein;20,00;Martina Uedelhoven;im GeschÃ¤ft;Martina
86;2703;Judith Thome Wenz;Weinhandlung Thome-Wenz Roesrath;Hauptstr. 167;51503 RÃ¶srath;;;;Gutschein;20,00;Martina Uedelhoven;im GeschÃ¤ft;Martina
87;2868;Judith Thome Wenz;Weinhandlung Thome-Wenz Roesrath;Hauptstr. 167;51503 RÃ¶srath;;;;Gutschein;20,00;Martina Uedelhoven;im GeschÃ¤ft;Martina
88;3959;Firma;Hoffmann Reinigungs- und Entsorgungs GmbH Overath;HammermÃ¼hle ;51491 Overath;info@hoffmann-entsorgung.de; 300,00 ;;Apple Watch;SE 2. Generation;Manuela Rex-Eberle;wird persÃ¶nlich Ã¼bergeben;Manuela Rex-Eberle
89;704;Andreas u.Sahrah Bettermann;Cafe Esperanza Roesrath;Bensberger Str. 260c;51503 RÃ¶srath;info@cafeesperanza.com;;;Gutschein;10,00;Susanne Bittner;Clementine;Clementine
90;1192;Andreas u.Sahrah Bettermann;Cafe Esperanza Roesrath;Bensberger Str. 260c;51503 RÃ¶srath;info@cafeesperanza.com;;;Gutschein;10,00;Susanne Bittner;Clementine;Clementine
91;2018;Andreas u.Sahrah Bettermann;Cafe Esperanza Roesrath;Bensberger Str. 260c;51503 RÃ¶srath;info@cafeesperanza.com;;;Gutschein;10,00;Susanne Bittner;Clementine;Clementine
92;2336;Andreas u.Sahrah Bettermann;Cafe Esperanza Roesrath;Bensberger Str. 260c;51503 RÃ¶srath;info@cafeesperanza.com;;;Gutschein;10,00;Susanne Bittner;Clementine;Clementine
93;3071;Agnes Plewa;Plewa Kosmetikstudio Bensberg;KÃ¶lner Str. 4;51429 Bergisch Gladbach;02204-52388;;;Gutschein Hondu Cafe;25,00;Susanne Bittner;wird verschickt;Andrea
94;2028;Agnes Plewa;Plewa Kosmetikstudio Bensberg;KÃ¶lner Str. 4;51429 Bergisch Gladbach;02204-52388;;;Gutschein Hondu Cafe;25,00;Susanne Bittner;wird verschickt;Andrea
95;4000;Agnes Plewa;Plewa Kosmetikstudio Bensberg;KÃ¶lner Str. 4;51429 Bergisch Gladbach;02204-52388;;;Gutschein Hondu Cafe;25,00;Susanne Bittner;wird verschickt;Andrea
96;168;Agnes Plewa;Plewa Kosmetikstudio Bensberg;KÃ¶lner Str. 4;51429 Bergisch Gladbach;02204-52388;;;Gutschein Hondu Cafe;25,00;Susanne Bittner;wird verschickt;Andrea
97;1434;Simon Pieske;Malerbetrieb Pieske  Overath;JosefshÃ¶he 14;51491 Overath;info@malermeister-pieske.de; 200,00 ;;Restaurant  Droeppelminna;Gutschein;Manuela Rex-Eberle;wird persÃ¶nlich Ã¼bergeben;Manuela Rex-Eberle
98;2353;Bernd Kopke;Elektromeister Bernd Kopke Overath;Fischer Strasse 9;51491 Overath;info@bernd-kopke.de; 150,00 ;;Restaurant  Oliveto;Gutschein;Manuela Rex-Eberle;wird persÃ¶nlich Ã¼bergeben;Manuela Rex-Eberle
99;2687;Heike Berg;Mode Heike Berg Overath;Am Weidenbach 7;51491 Overath;info@mode-heike-berg.de;;;Gutschein Mode Berg ;50,00;Manuela Rex-Eberle;im GeschÃ¤ft;Manuela
100;689;Gonzalo Arias;Jaques Weindepot Bensberg;SteinstraÃŸe 45;51429 Bergisch Gladbach;;;;Gutschein;10,00;Birgit Brandes;Clementine;Clementine
101;2877;Gonzalo Arias;Jaques Weindepot Bensberg;SteinstraÃŸe 45;51429 Bergisch Gladbach;;;;Gutschein;10,00;Birgit Brandes;Clementine;Clementine
102;797;Gonzalo Arias;Jaques Weindepot Bensberg;SteinstraÃŸe 45;51429 Bergisch Gladbach;;;;Gutschein;10,00;Birgit Brandes;Clementine;Clementine
103;3255;Gonzalo Arias;Jaques Weindepot Bensberg;SteinstraÃŸe 45;51429 Bergisch Gladbach;;;;Gutschein;10,00;Birgit Brandes;Clementine;Clementine
104;1129;Gonzalo Arias;Jaques Weindepot Bensberg;SteinstraÃŸe 45;51429 Bergisch Gladbach;;;;Gutschein;10,00;Birgit Brandes;Clementine;Clementine
105;2168;Heike Schneider;The Jeans Roesrath;Hauptstr. 167;51503 RÃ¶srath;schneider@the-jeans.de;;;Gutschein;20,00;Andrea Siebert;im GeschÃ¤ft;Andrea
106;3742;Heike Schneider;The Jeans Roesrath;Hauptstr. 167;51503 RÃ¶srath;schneider@the-jeans.de;;;Gutschein;20,00;Andrea Siebert;im GeschÃ¤ft;Andrea
107;405;Heike Schneider;The Jeans Roesrath;Hauptstr. 167;51503 RÃ¶srath;schneider@the-jeans.de;;;Gutschein;20,00;Andrea Siebert;im GeschÃ¤ft;Andrea
108;1806;Heike Schneider;The Jeans Roesrath;Hauptstr. 167;51503 RÃ¶srath;schneider@the-jeans.de;;;Gutschein;20,00;Andrea Siebert;im GeschÃ¤ft;Andrea
109;377;Heike Schneider;The Jeans Roesrath;Hauptstr. 167;51503 RÃ¶srath;schneider@the-jeans.de;;;Gutschein;20,00;Andrea Siebert;im GeschÃ¤ft;Andrea
110;580;Heike Albrecht;Marie Wohnen und Mode Roesrath;Hauptstr. 236;51503 RÃ¶srath;info@marie-wohnenundmode.de;;;Gutschein;15,00;Heike Drexel;im GeschÃ¤ft;Andrea
111;2891;Heike Albrecht;Marie Wohnen und Mode Roesrath;Hauptstr. 236;51503 RÃ¶srath;info@marie-wohnenundmode.de;;;Gutschein;15,00;Heike Drexel;im GeschÃ¤ft;Andrea
112;1951;Heike Albrecht;Marie Wohnen und Mode Roesrath;Hauptstr. 236;51503 RÃ¶srath;info@marie-wohnenundmode.de;;;Gutschein;15,00;Heike Drexel;im GeschÃ¤ft;Andrea
113;1448;Heike Albrecht;Marie Wohnen und Mode Roesrath;Hauptstr. 236;51503 RÃ¶srath;info@marie-wohnenundmode.de;;;Gutschein;15,00;Heike Drexel;im GeschÃ¤ft;Andrea
114;1268;Heike Albrecht;Marie Wohnen und Mode Roesrath;Hauptstr. 236;51503 RÃ¶srath;info@marie-wohnenundmode.de;;;Gutschein;15,00;Heike Drexel;im GeschÃ¤ft;Andrea
115;1461;Althoff;Grandhotel Schloss Bensberg;Kadettenstrasse;51429 Bergisch Gladbach;info@schlossbensberg.com;;;Gutschein Champagner Brunch;122,00;Manuela Rex-Eberle;wird persÃ¶nlich Ãœbergeben;Manuela Rex-Eberle
116;1015;Althoff;Grandhotel Schloss Bensberg;Kadettenstrasse;51429 Bergisch Gladbach;info@schlossbensberg.com;;;Gutschein Champagner Brunch;122,00;Manuela Rex-Eberle;wird persÃ¶nlich Ãœbergeben;Manuela Rex-Eberle
117;3769;Katharina Froch;Ina Mode und Mehr Overath;Hauptstr. 49;51491 Overath;02206-919777;;;Gutschein;20,00;Martina Uedelhoven;im GeschÃ¤ft;Martina
118;325;Katharina Froch;Ina Mode und Mehr Overath;Hauptstr. 49;51491 Overath;02206-919777;;;Gutschein;20,00;Martina Uedelhoven;im GeschÃ¤ft;Martina
119;3291;Katharina Froch;Ina Mode und Mehr Overath;Hauptstr. 49;51491 Overath;02206-919777;;;Gutschein;20,00;Martina Uedelhoven;im GeschÃ¤ft;Martina
120;174;Frau De Silvio;Cara Donna Bensberg;Gladbacher Str. 2;51429 Bergisch Gladbach;kontakt@caradonna-bensberg.de;;;Gutschein;50,00;Martina Uedelhoven;Anna;Martina
121;1395;Frau De Silvio;Cara Donna Bensberg;Gladbacher Str. 2;51429 Bergisch Gladbach;kontakt@caradonna-bensberg.de;;;Gutschein;50,00;Martina Uedelhoven;Anna;Martina
122;322;Daniela Schwamborn;Dany S. Fashion Bensberg;Schlossstr. 5;51429 Bergisch Gladbach;info@danysfashion.de;;;Gutschein;50,00;Martina Uedelhoven;im GeschÃ¤ft;Martina
123;3762;Daniela Schwamborn;Dany S. Fashion Bensberg;Schlossstr. 5;51429 Bergisch Gladbach;info@danysfashion.de;;;Gutschein;50,00;Martina Uedelhoven;im GeschÃ¤ft;Martina
124;2814;AndreÂ´Helmenstein;EP Radio City Overath;Propsteistr. 16-22;51491 Overath;radiocityeinkauf@gmail.com;;Hama 360 Â° Sound Box;Hama 360 Â° ;Sound Box;Elisabeth Schwar;im GeschÃ¤ft;Martina
125;3366;AndreÂ´Helmenstein;EP Radio City Overath;Propsteistr. 16-22;51491 Overath;radiocityeinkauf@gmail.com;;Hama Wetterstation;Hama ;Wetterstation;Elisabeth Schwar;im GeschÃ¤ft;Martina
126;3643;Ludwig KrÃ¤mer;Ludwig Kraemer GmbH & Co KG;Romaneyer Str. 25;51467 Bergisch Gladbach;info@ludwig-kraemer.de; 500,00 ;;Wellnesswochenende ;Wertgutschein 500,00;Martina Uedelhoven;wird persÃ¶nlich Ãœbergeben;Martina
127;3025;Katja Forgber-Miebach;Die Bahnhof-Apotheke Overath;Hauptstr.66;51491 Overath;;;;Gutschein;20,00;Martina Uedelhoven;im GeschÃ¤ft;Martina
128;824;Katja Forgber-Miebach;Die Bahnhof-Apotheke Overath;Hauptstr.66;51491 Overath;;;;Gutschein;20,00;Martina Uedelhoven;im GeschÃ¤ft;Martina
129;60;Katja Forgber-Miebach;Die Bahnhof-Apotheke Overath;Hauptstr.66;51491 Overath;;;;Gutschein;20,00;Martina Uedelhoven;im GeschÃ¤ft;Martina
130;2003;Katja Forgber-Miebach;Die Bahnhof-Apotheke Overath;Hauptstr.66;51491 Overath;;;;Gutschein;20,00;Martina Uedelhoven;im GeschÃ¤ft;Martina
131;1696;Katja Forgber-Miebach;Die Bahnhof-Apotheke Overath;Hauptstr.66;51491 Overath;;;;Gutschein;20,00;Martina Uedelhoven;im GeschÃ¤ft;Martina
132;208;Armin Vogel;Alpenstille Forsbach;Bensberger Str.300;51503 RÃ¶srath;shop@alpenstille.de;;;Gutschein Skiservice mit Infrarotwachs;55,00;Andrea Siebert;im GeschÃ¤ft;Andrea
133;1080;Armin Vogel;Alpenstille Forsbach;Bensberger Str.300;51503 RÃ¶srath;shop@alpenstille.de;;;Gutschein Skiservice mit Infrarotwachs;55,00;Andrea Siebert;im GeschÃ¤ft;Andrea
134;2147;Armin Vogel;Alpenstille Forsbach;Bensberger Str.300;51503 RÃ¶srath;shop@alpenstille.de;;;Gutschein Skiservice mit Infrarotwachs;55,00;Andrea Siebert;im GeschÃ¤ft;Andrea
135;1869;Armin Vogel;Alpenstille Forsbach;Bensberger Str.300;51503 RÃ¶srath;shop@alpenstille.de;;;Gutschein Skiservice mit Infrarotwachs;55,00;Andrea Siebert;im GeschÃ¤ft;Andrea
136;3203;Armin Vogel;Alpenstille Forsbach;Bensberger Str.300;51503 RÃ¶srath;shop@alpenstille.de;;;Gutschein Skiservice mit Infrarotwachs;55,00;Andrea Siebert;im GeschÃ¤ft;Andrea
137;927;Andreas u.Sahrah Bettermann;Cafe Esperanza Roesrath;Bensberger Str. 260c;51503 RÃ¶srath;;;Thermo Kaffeebecher to go;;Thermo Kaffeebecher to go;Susanne Bittner;Clementine;Clementine
138;157;Andreas u.Sahrah Bettermann;Cafe Esperanza Roesrath;Bensberger Str. 260c;51503 RÃ¶srath;;;Thermo Kaffeebecher to go;;Thermo Kaffeebecher to go;Susanne Bittner;Clementine;Clementine
139;3052;Clementine Krell;;Eichenhainallee 35;51427 Bergisch Gladbach;;;Leder Portemonnaie;;Leder Portemonnaie;Clementine Krell;Clementine;Clementine
140;22;Clementine Krell;;Eichenhainallee 35;51427 Bergisch Gladbach;;;Leder Portemonnaie;;Leder Portemonnaie;Clementine Krell;Clementine;Clementine
141;3227;Clementine Krell;;Eichenhainallee 35;51427 Bergisch Gladbach;;;Leder Portemonnaie;;Leder Portemonnaie;Clementine Krell;Clementine;Clementine
142;1743;Clementine Krell;;Eichenhainallee 35;51427 Bergisch Gladbach;;;Leder Portemonnaie;;Leder Portemonnaie;Clementine Krell;Clementine;Clementine
143;3508;Clementine Krell;;Eichenhainallee 35;51427 Bergisch Gladbach;;;Reisenthel Shopper;;Reisenthel Shopper;Clementine Krell;Clementine;Clementine
144;1828;Clementine Krell;;Eichenhainallee 35;51427 Bergisch Gladbach;;;Reisenthel Shopper;;Reisenthel Shopper;Clementine Krell;Clementine;Clementine
145;1389;Clementine Krell;;Eichenhainallee 35;51427 Bergisch Gladbach;;;Reisenthel Shopper;;Reisenthel Shopper;Clementine Krell;Clementine;Clementine
146;770;Clementine Krell;;Eichenhainallee 35;51427 Bergisch Gladbach;;;Reisenthel Shopper;;Reisenthel Shopper;Clementine Krell;Clementine;Clementine
147;3475;Clementine Krell;;Eichenhainallee 35;51427 Bergisch Gladbach;;;Reisenthel Shopper;;Reisenthel Shopper;Clementine Krell;Clementine;Clementine
148;2477;Clementine Krell;;Eichenhainallee 35;51427 Bergisch Gladbach;;;Reisenthel Shopper;;Reisenthel Shopper;Clementine Krell;Clementine;Clementine
149;1744;Dr. Peter Eberle;Zahnarztpraxis Dr. Peter Eberle Overath;Hauptstrasse 56;51491 Overath;praxis_eberle@t-online.de; 300,00 ;;Gutschein MÃ¼hlenhelle Gummersbach;Gutschein;Manuela Rex-Eberle;wird persÃ¶nlich Ãœbergeben;Manuela Rex-Eberle 
150;204;Regina Heckel;Schmuckstuecke Regina Heckel Hoffnungsthal;HauptstraÃŸe 248;51503 RÃ¶srath;kontakt@schmuckstuecke-heckel.de;;SchmuckprÃ¤sent;;Schmuckpraesent;Andrea Siebert;wird verschickt;Andrea
151;2557;Regina Heckel;Schmuckstuecke Regina Heckel Hoffnungsthal;HauptstraÃŸe 248;51503 RÃ¶srath;kontakt@schmuckstuecke-heckel.de;;SchmuckprÃ¤sent;;Schmuckpraesent;Andrea Siebert;wird verschickt;Andrea
152;2217;Regina Heckel;Schmuckstuecke Regina Heckel Hoffnungsthal;HauptstraÃŸe 248;51503 RÃ¶srath;kontakt@schmuckstuecke-heckel.de;;SchmuckprÃ¤sent;;Schmuckpraesent;Andrea Siebert;wird verschickt;Andrea
153;1762;Regina Heckel;Schmuckstuecke Regina Heckel Hoffnungsthal;HauptstraÃŸe 248;51503 RÃ¶srath;kontakt@schmuckstuecke-heckel.de;;SchmuckprÃ¤sent;;Schmuckpraesent;Andrea Siebert;wird verschickt;Andrea
154;3321;Regina Heckel;Schmuckstuecke Regina Heckel Hoffnungsthal;HauptstraÃŸe 248;51503 RÃ¶srath;kontakt@schmuckstuecke-heckel.de;;SchmuckprÃ¤sent;;Schmuckpraesent;Andrea Siebert;wird verschickt;Andrea
155;2502;Regina Heckel;Schmuckstuecke Regina Heckel Hoffnungsthal;HauptstraÃŸe 248;51503 RÃ¶srath;kontakt@schmuckstuecke-heckel.de;;SchmuckprÃ¤sent;;Schmuckpraesent;Andrea Siebert;wird verschickt;Andrea
156;3971;Frau Mattlener/ Frau Heider;Apotheke zur alten Post Roesrath;Hauptstr. 51;51503 RÃ¶srath;info@apothekezuraltenpost.de;;;Gutschein;20,00;Andrea Siebert;im GeschÃ¤ft;Andrea
157;3201;Frau Mattlener/ Frau Heider;Apotheke zur alten Post Roesrath;Hauptstr. 51;51503 RÃ¶srath;info@apothekezuraltenpost.de;;;Gutschein;20,00;Andrea Siebert;im GeschÃ¤ft;Andrea
158;3288;Frau Mattlener/ Frau Heider;Apotheke zur alten Post Roesrath;Hauptstr. 51;51503 RÃ¶srath;info@apothekezuraltenpost.de;;;Gutschein;20,00;Andrea Siebert;im GeschÃ¤ft;Andrea
159;990;Frau Mattlener/ Frau Heider;Apotheke zur alten Post Roesrath;Hauptstr. 51;51503 RÃ¶srath;info@apothekezuraltenpost.de;;;Gutschein;20,00;Andrea Siebert;im GeschÃ¤ft;Andrea
160;3269;Frau Mattlener/ Frau Heider;Apotheke zur alten Post Roesrath;Hauptstr. 51;51503 RÃ¶srath;info@apothekezuraltenpost.de;;;Gutschein;20,00;Andrea Siebert;im GeschÃ¤ft;Andrea
161;1627;Frau Mattlener/ Frau Heider;Apotheke zur alten Post Roesrath;Hauptstr. 49;51503 RÃ¶srath;info@apothekezuraltenpost.de;;;Gutschein;20,00;Andrea Siebert;im GeschÃ¤ft;Andrea
162;488;Frau Mattlener/ Frau Heider;Apotheke zur alten Post Roesrath;Hauptstr. 51;51503 RÃ¶srath;info@apothekezuraltenpost.de;;;Gutschein;20,00;Andrea Siebert;im GeschÃ¤ft;Andrea
163;3131;Frau Mattlener/ Frau Heider;Apotheke zur alten Post Roesrath;Hauptstr. 51;51503 RÃ¶srath;info@apothekezuraltenpost.de;;;Gutschein;20,00;Andrea Siebert;im GeschÃ¤ft;Andrea
164;2511;Frau Mattlener/ Frau Heider;Apotheke zur alten Post Roesrath;Hauptstr. 51;51503 RÃ¶srath;info@apothekezuraltenpost.de;;;Gutschein;20,00;Andrea Siebert;im GeschÃ¤ft;Andrea
165;1424;Frau Mattlener/ Frau Heider;Apotheke zur alten Post Roesrath;Hauptstr. 51;51503 RÃ¶srath;info@apothekezuraltenpost.de;;;Gutschein;20,00;Andrea Siebert;im GeschÃ¤ft;Andrea
166;3694;Rewe Sauerbach;Rewe Sauerbach Roesrath;Bensberger StraÃŸe 270;51503 RÃ¶srath;02205 9079728;;;Gutschein;10,00;Susanne Bittner;Susanne Bittner;Clementine
167;3556;Rewe Sauerbach;Rewe Sauerbach Roesrath;Bensberger StraÃŸe 270;51503 RÃ¶srath;02205 9079728;;;Gutschein;10,00;Susanne Bittner;Susanne Bittner;Clementine
168;2815;Rewe Sauerbach;Rewe Sauerbach Roesrath;Bensberger StraÃŸe 270;51503 RÃ¶srath;02205 9079728;;;Gutschein;10,00;Susanne Bittner;Susanne Bittner;Clementine
169;3415;Rewe Sauerbach;Rewe Sauerbach Roesrath;Bensberger StraÃŸe 270;51503 RÃ¶srath;02205 9079728;;;Gutschein;10,00;Susanne Bittner;Susanne Bittner;Clementine
170;308;Rewe Sauerbach;Rewe Sauerbach Roesrath;Bensberger StraÃŸe 270;51503 RÃ¶srath;02205 9079728;;;Gutschein;10,00;Susanne Bittner;Susanne Bittner;Clementine
171;1904;Rewe Sauerbach;Rewe Sauerbach Roesrath;Bensberger StraÃŸe 270;51503 RÃ¶srath;02205 9079728;;;Gutschein;10,00;Susanne Bittner;Susanne Bittner;Clementine
172;611;Rewe Sauerbach;Rewe Sauerbach Roesrath;Bensberger StraÃŸe 270;51503 RÃ¶srath;02205 9079728;;;Gutschein;10,00;Susanne Bittner;Susanne Bittner;Clementine
173;1922;Rewe Sauerbach;Rewe Sauerbach Roesrath;Bensberger StraÃŸe 270;51503 RÃ¶srath;02205 9079728;;;Gutschein;10,00;Susanne Bittner;Susanne Bittner;Clementine
174;1454;Rewe Sauerbach;Rewe Sauerbach Roesrath;Bensberger StraÃŸe 270;51503 RÃ¶srath;02205 9079728;;;Gutschein;10,00;Susanne Bittner;Susanne Bittner;Clementine
175;1617;Rewe Sauerbach;Rewe Sauerbach Roesrath;Bensberger StraÃŸe 270;51503 RÃ¶srath;02205 9079728;;;Gutschein;10,00;Susanne Bittner;Susanne Bittner;Clementine
176;1982;Rewe Siebnmorgen;Rewe  Refrath;Siebenmorgen 40;51427 Bergisch Gladbach;02204 962437;;;Gutschein;10,00;Roswitha Burger;wird verschickt;Andrea
177;676;Rewe Siebnmorgen;Rewe  Refrath;Siebenmorgen 40;51427 Bergisch Gladbach;02204 962437;;;Gutschein;10,00;Roswitha Burger;wird verschickt;Andrea
178;70;Rewe Siebnmorgen;Rewe  Refrath;Siebenmorgen 40;51427 Bergisch Gladbach;02204 962437;;;Gutschein;10,00;Roswitha Burger;wird verschickt;Andrea
179;176;Rewe Siebnmorgen;Rewe  Refrath;Siebenmorgen 40;51427 Bergisch Gladbach;02204 962437;;;Gutschein;10,00;Roswitha Burger;wird verschickt;Andrea
180;2727;Rewe Siebnmorgen;Rewe  Refrath;Siebenmorgen 40;51427 Bergisch Gladbach;02204 962437;;;Gutschein;10,00;Roswitha Burger;wird verschickt;Andrea
181;1432;Rewe Siebnmorgen;Rewe  Refrath;Siebenmorgen 40;51427 Bergisch Gladbach;02204 962437;;;Gutschein;10,00;Roswitha Burger;wird verschickt;Andrea
182;1663;Rewe Siebnmorgen;Rewe  Refrath;Siebenmorgen 40;51427 Bergisch Gladbach;02204 962437;;;Gutschein;10,00;Roswitha Burger;wird verschickt;Andrea
183;3850;Rewe Siebnmorgen;Rewe  Refrath;Siebenmorgen 40;51427 Bergisch Gladbach;02204 962437;;;Gutschein;10,00;Roswitha Burger;wird verschickt;Andrea
184;3119;Rewe Siebenmorgen;Rewe  Refrath;Siebenmorgen 40;51427 Bergisch Gladbach;02204 962437;;;Gutschein;10,00;Roswitha Burger;wird verschickt;Andrea
185;3887;Rewe Siebenmorgen;Rewe  Refrath;Siebenmorgen 40;51427 Bergisch Gladbach;02204 962437;;;Gutschein;10,00;Roswitha Burger;wird verschickt;Andrea
186;2224;Rewe Siebenmorgen;Rewe  Refrath;Siebenmorgen 40;51427 Bergisch Gladbach;02204 962437;;;Gutschein;10,00;Roswitha Burger;wird verschickt;Andrea
187;3662;Rewe Siebenmorgen;Rewe  Refrath;Siebenmorgen 40;51427 Bergisch Gladbach;02204 962437;;;Gutschein;10,00;Roswitha Burger;wird verschickt;Andrea
188;13;Rewe Siebenmorgen;Rewe  Refrath;Siebenmorgen 40;51427 Bergisch Gladbach;02204 962437;;;Gutschein;10,00;Roswitha Burger;wird verschickt;Andrea
189;3150;Rewe Siebenmorgen;Rewe  Refrath;Siebenmorgen 40;51427 Bergisch Gladbach;02204 962437;;;Gutschein;10,00;Roswitha Burger;wird verschickt;Andrea
190;373;Rewe Siebenmorgen;Rewe  Refrath;Siebenmorgen 40;51427 Bergisch Gladbach;02204 962437;;;Gutschein;10,00;Roswitha Burger;wird verschickt;Andrea
191;575;Rewe Siebenmorgen;Rewe  Refrath;Siebenmorgen 40;51427 Bergisch Gladbach;02204 962437;;;Gutschein;10,00;Roswitha Burger;wird verschickt;Andrea
192;170;Rewe Siebnmorgen;Rewe  Refrath;Siebenmorgen 40;51427 Bergisch Gladbach;02204 962437;;;Gutschein;10,00;Roswitha Burger;wird verschickt;Andrea
193;270;Rewe Siebenmorgen;Rewe  Refrath;Siebenmorgen 40;51427 Bergisch Gladbach;02204 962437;;;Gutschein;10,00;Roswitha Burger;wird verschickt;Andrea
194;1495;Rewe Siebenmorgen;Rewe  Refrath;Siebenmorgen 40;51427 Bergisch Gladbach;02204 962437;;;Gutschein;10,00;Roswitha Burger;wird verschickt;Andrea
195;2700;Rewe Siebenmorgen;Rewe  Refrath;Siebenmorgen 40;51427 Bergisch Gladbach;02204 962437;;;Gutschein;10,00;Roswitha Burger;wird verschickt;Andrea
196;3574;Rewe Siebenmorgen;Rewe  Refrath;Siebenmorgen 40;51427 Bergisch Gladbach;02204 962437;;;Gutschein;10,00;Roswitha Burger;wird verschickt;Andrea
197;2596;Rewe Siebnmorgen;Rewe  Refrath;Siebenmorgen 40;51427 Bergisch Gladbach;02204 962437;;;Gutschein;10,00;Roswitha Burger;wird verschickt;Andrea
198;1291;Rewe Siebenmorgen;Rewe  Refrath;Siebenmorgen 40;51427 Bergisch Gladbach;02204 962437;;;Gutschein;10,00;Roswitha Burger;wird verschickt;Andrea
199;2641;Rewe Siebenmorgen;Rewe  Refrath;Siebenmorgen 40;51427 Bergisch Gladbach;02204 962437;;;Gutschein;10,00;Roswitha Burger;wird verschickt;Andrea
200;1176;Rewe Siebenmorgen;Rewe  Refrath;Siebenmorgen 40;51427 Bergisch Gladbach;02204 962437;;;Gutschein;10,00;Roswitha Burger;wird verschickt;Andrea
201;252;Rewe Siebenmorgen;Rewe  Refrath;Siebenmorgen 40;51427 Bergisch Gladbach;02204 962437;;;Gutschein;10,00;Roswitha Burger;wird verschickt;Andrea
202;3357;Rewe Siebenmorgen;Rewe  Refrath;Siebenmorgen 40;51427 Bergisch Gladbach;02204 962437;;;Gutschein;10,00;Roswitha Burger;wird verschickt;Andrea
203;2762;Rewe Siebenmorgen;Rewe  Refrath;Siebenmorgen 40;51427 Bergisch Gladbach;02204 962437;;;Gutschein;10,00;Roswitha Burger;wird verschickt;Andrea
204;3292;Rewe Siebenmorgen;Rewe  Refrath;Siebenmorgen 40;51427 Bergisch Gladbach;02204 962437;;;Gutschein;10,00;Roswitha Burger;wird verschickt;Andrea
205;850;Rewe Siebenmorgen;Rewe  Refrath;Siebenmorgen 40;51427 Bergisch Gladbach;02204 962437;;;Gutschein;10,00;Roswitha Burger;wird verschickt;Andrea
206;3175;Uli Haeger;Intersport Haeger Bensberg;SchloÃŸstraÃŸe 85;51429 Bergisch Gladbach;02204 52314;;;Gutschein;20,00;Anette Offermann;Anette Offermann;Clementine
207;2425;Uli Haeger;Intersport Haeger Bensberg;SchloÃŸstraÃŸe 85;51429 Bergisch Gladbach;02204 52314;;;Gutschein;20,00;Anette Offermann;Anette Offermann;Clementine
208;791;Uli Haeger;Intersport Haeger Bensberg;SchloÃŸstraÃŸe 85;51429 Bergisch Gladbach;02204 52314;;;Gutschein;20,00;Anette Offermann;Anette Offermann;Clementine
209;2928;Uli Haeger;Intersport Haeger Bensberg;SchloÃŸstraÃŸe 85;51429 Bergisch Gladbach;02204 52314;;;Gutschein;20,00;Anette Offermann;Anette Offermann;Clementine
210;1857;Uli Haeger;Intersport Haeger Bensberg;SchloÃŸstraÃŸe 85;51429 Bergisch Gladbach;02204 52314;;;Gutschein;20,00;Anette Offermann;Anette Offermann;Clementine
211;1820;Dagmar Demmrich;Delikatessen Haupt Bensberg;SchloÃŸstraÃŸe 26;51429 Bergisch Gladbach;02204 56667;;;Gutschein;20,00;Anette Offermann;Anette Offermann;Clementine
212;2226;Dagmar Demmrich;Delikatessen Haupt Bensberg;SchloÃŸstraÃŸe 26;51429 Bergisch Gladbach;02204 56667;;;Gutschein;20,00;Anette Offermann;Anette Offermann;Clementine
213;1035;Dagmar Demmrich;Delikatessen Haupt Bensberg;SchloÃŸstraÃŸe 26;51429 Bergisch Gladbach;02204 56667;;;Gutschein;20,00;Anette Offermann;Anette Offermann;Clementine
214;2007;Kati Kratz;Kati Kratz Yoga Bergisch Gladbach;Unter den Buchen 3;51469 Bergisch Gladbach;katikratz-yoga@web.de;;;Gutschein fÃ¼r 1 x Einzelstunde;80,00;Rosemarie Hagemann;im GeschÃ¤ft;Clementine
215;2471;Kati Kratz;Kati Kratz Yoga Bergisch Gladbach;Unter den Buchen 3;51469 Bergisch Gladbach;katikratz-yoga@web.de;;;Gutschein fÃ¼r 5 x Kursteilnahme;50,00;Rosemarie Hagemann;im GeschÃ¤ft;Clementine
216;3804;Farshid u. Sabine Taghizad;CATWALK  Bensberg;SchloÃŸstr.29a;51429 Bergisch Gladbach;catwalk.moden@yahoo.de;;;Gutschein;20,00;Martina Uedelhoven;Anna;Martina
217;537;Farshid u. Sabine Taghizad;CATWALK  Bensberg;SchloÃŸstr.29a;51429 Bergisch Gladbach;catwalk.moden@yahoo.de;;;Gutschein;20,00;Martina Uedelhoven;Anna;Martina
218;27;Farshid u. Sabine Taghizad;CATWALK  Bensberg;SchloÃŸstr.29a;51429 Bergisch Gladbach;catwalk.moden@yahoo.de;;;Gutschein;20,00;Martina Uedelhoven;Anna;Martina
219;1180;Frank Klingauf;St. Johannis Apotheke Refrath;Siebenmorgen 18;51427 Bergisch Gladbach;; 300,00 ;; Sterne Restaurant Sahila Julia Komp;Gutschein Ã¼ber 300;Elke DÃ¶rrenhaus;;Martina
220;3395;Markus Kerkhoff;Schloss Apotheke im Kaufland Bergisch Gladbach;Refrather Weg 1;51465 Bergisch Gladbach;;;;Gutschein;20,00;Anette Offermann;im GeschÃ¤ft;Martina
221;3564;Markus Kerkhoff;Schloss Apotheke im Kaufland Bergisch Gladbach;Refrather Weg 1;51465 Bergisch Gladbach;;;;Gutschein;20,00;Anette Offermann;im GeschÃ¤ft;Martina
222;28;Markus Kerkhoff;Schloss Apotheke im Kaufland Bergisch Gladbach;Refrather Weg 1;51465 Bergisch Gladbach;;;;Gutschein;20,00;Anette Offermann;im GeschÃ¤ft;Martina
223;2178;Markus Kerkhoff;Schloss Apotheke im Kaufland Bergisch Gladbach;Refrather Weg 1;51465 Bergisch Gladbach;;;;Gutschein;20,00;Anette Offermann;im GeschÃ¤ft;Martina
224;3676;Markus Kerkhoff;Schloss Apotheke im Kaufland Bergisch Gladbach;Refrather Weg 1;51465 Bergisch Gladbach;;;;Gutschein;20,00;Anette Offermann;im GeschÃ¤ft;Martina
225;898;Markus Kerkhoff;Schloss Apotheke im Kaufland Bergisch Gladbach;Refrather Weg 1;51465 Bergisch Gladbach;;;;Gutschein;20,00;Anette Offermann;im GeschÃ¤ft;Martina
226;2723;Markus Kerkhoff;Schloss Apotheke im Kaufland Bergisch Gladbach;Refrather Weg 1;51465 Bergisch Gladbach;;;;Gutschein;20,00;Anette Offermann;im GeschÃ¤ft;Martina
227;779;Markus Kerkhoff;Schloss Apotheke im Kaufland Bergisch Gladbach;Refrather Weg 1;51465 Bergisch Gladbach;;;;Gutschein;20,00;Anette Offermann;im GeschÃ¤ft;Martina
228;389;Markus Kerkhoff;Schloss Apotheke im Kaufland Bergisch Gladbach;Refrather Weg 1;51465 Bergisch Gladbach;;;;Gutschein;20,00;Anette Offermann;im GeschÃ¤ft;Martina
229;1154;Markus Kerkhoff;Schloss Apotheke im Kaufland Bergisch Gladbach;Refrather Weg 1;51465 Bergisch Gladbach;;;;Gutschein;20,00;Anette Offermann;im GeschÃ¤ft;Martina
230;3571;Markus Kerkhoff;Schloss Apotheke im Kaufland Bergisch Gladbach;Refrather Weg 1;51465 Bergisch Gladbach;;;;Gutschein;20,00;Anette Offermann;im GeschÃ¤ft;Martina
231;3307;Markus Kerkhoff;Schloss Apotheke im Kaufland Bergisch Gladbach;Refrather Weg 1;51465 Bergisch Gladbach;;;;Gutschein;20,00;Anette Offermann;im GeschÃ¤ft;Martina
232;2556;Markus Kerkhoff;Schloss Apotheke im Kaufland Bergisch Gladbach;Refrather Weg 1;51465 Bergisch Gladbach;;;;Gutschein;20,00;Anette Offermann;im GeschÃ¤ft;Martina
233;2584;Markus Kerkhoff;Schloss Apotheke im Kaufland Bergisch Gladbach;Refrather Weg 1;51465 Bergisch Gladbach;;;;Gutschein;20,00;Anette Offermann;im GeschÃ¤ft;Martina
234;1391;Markus Kerkhoff;Schloss Apotheke im Kaufland Bergisch Gladbach;Refrather Weg 1;51465 Bergisch Gladbach;;;;Gutschein;20,00;Anette Offermann;im GeschÃ¤ft;Martina
235;338;Markus Kerkhoff;Schloss Apotheke Bensberg;Schlossstr. 10;51429 Bergisch Gladbach;;;;Gutschein;20,00;Anette Offermann;im GeschÃ¤ft;Martina
236;1347;Markus Kerkhoff;Schloss Apotheke Bensberg;Schlossstr. 10;51429 Bergisch Gladbach;;;;Gutschein;20,00;Anette Offermann;im GeschÃ¤ft;Martina
237;2208;Markus Kerkhoff;Schloss Apotheke Bensberg;Schlossstr. 10;51429 Bergisch Gladbach;;;;Gutschein;20,00;Anette Offermann;im GeschÃ¤ft;Martina
238;3796;Markus Kerkhoff;Schloss Apotheke Bensberg;Schlossstr. 10;51429 Bergisch Gladbach;;;;Gutschein;20,00;Anette Offermann;im GeschÃ¤ft;Martina
239;1089;Markus Kerkhoff;Schloss Apotheke Bensberg;Schlossstr. 10;51429 Bergisch Gladbach;;;;Gutschein;20,00;Anette Offermann;im GeschÃ¤ft;Martina
240;1469;Markus Kerkhoff;Schloss Apotheke Bensberg;Schlossstr. 10;51429 Bergisch Gladbach;;;;Gutschein;20,00;Anette Offermann;im GeschÃ¤ft;Martina
241;2692;Markus Kerkhoff;Schloss Apotheke Bensberg;Schlossstr. 10;51429 Bergisch Gladbach;;;;Gutschein;20,00;Anette Offermann;im GeschÃ¤ft;Martina
242;1889;Markus Kerkhoff;Schloss Apotheke Bensberg;Schlossstr. 10;51429 Bergisch Gladbach;;;;Gutschein;20,00;Anette Offermann;im GeschÃ¤ft;Martina
243;2942;Markus Kerkhoff;Schloss Apotheke Bensberg;Schlossstr. 10;51429 Bergisch Gladbach;;;;Gutschein;20,00;Anette Offermann;im GeschÃ¤ft;Martina
244;3011;Markus Kerkhoff;Schloss Apotheke Bensberg;Schlossstr. 10;51429 Bergisch Gladbach;;;;Gutschein;20,00;Anette Offermann;im GeschÃ¤ft;Martina
245;2970;Markus Kerkhoff;Schloss Apotheke Bensberg;Schlossstr. 10;51429 Bergisch Gladbach;;;;Gutschein;20,00;Anette Offermann;im GeschÃ¤ft;Martina
246;3387;Markus Kerkhoff;Schloss Apotheke Bensberg;Schlossstr. 10;51429 Bergisch Gladbach;;;;Gutschein;20,00;Anette Offermann;im GeschÃ¤ft;Martina
247;886;Markus Kerkhoff;Schloss Apotheke Bensberg;Schlossstr. 10;51429 Bergisch Gladbach;;;;Gutschein;20,00;Anette Offermann;im GeschÃ¤ft;Martina
248;39;Markus Kerkhoff;Schloss Apotheke Bensberg;Schlossstr. 10;51429 Bergisch Gladbach;;;;Gutschein;20,00;Anette Offermann;im GeschÃ¤ft;Martina
249;1196;Markus Kerkhoff;Schloss Apotheke Bensberg;Schlossstr. 10;51429 Bergisch Gladbach;;;;Gutschein;20,00;Anette Offermann;im GeschÃ¤ft;Martina
250;2420;Diana Berger-Blatt, Imke MÃ¶ller;Im Wohnzimmer Roesrath;SchillerstraÃŸe 22;51503 RÃ¶srath;info@im-wohnzimmer.de;;;Gutschein Kreativworkshop;20,00;Andrea Siebert;vor Ort;Andrea
251;3501;Diana Berger-Blatt, Imke MÃ¶ller;Im Wohnzimmer Roesrath;SchillerstraÃŸe 22;51503 RÃ¶srath;info@im-wohnzimmer.de;;;Gutschein Kreativworkshop;20,00;Andrea Siebert;vor Ort;Andrea
252;1594;Diana Berger-Blatt, Imke MÃ¶ller;Im Wohnzimmer Roesrath;SchillerstraÃŸe 22;51503 RÃ¶srath;info@im-wohnzimmer.de;;;Gutschein Kreativworkshop;20,00;Andrea Siebert;vor Ort;Andrea
253;541;Diana Berger-Blatt, Imke MÃ¶ller;Im Wohnzimmer Roesrath;SchillerstraÃŸe 22;51503 RÃ¶srath;info@im-wohnzimmer.de;;;Gutschein Kreativworkshop;20,00;Andrea Siebert;vor Ort;Andrea
254;1054;Diana Berger-Blatt, Imke MÃ¶ller;Im Wohnzimmer Roesrath;SchillerstraÃŸe 22;51503 RÃ¶srath;info@im-wohnzimmer.de;;;Gutschein Kreativworkshop;20,00;Andrea Siebert;vor Ort;Andrea
255;2658;Volker Brock;Brock Reisebuero Roesrath;HauptstraÃŸe 23-25;51503 RÃ¶srath;service@brock-reisen.de;;;Reisegutschein;100,00;Andrea Siebert;im GeschÃ¤ft;Andrea
256;798;Volker Brock;Brock Reisebuero Roesrath;HauptstraÃŸe 23-25;51503 RÃ¶srath;service@brock-reisen.de;;;Reisegutschein;50,00;Andrea Siebert;im GeschÃ¤ft;Andrea
257;801;Andre Hennes;Hennes Optik Roesrath;Im Weidenauel 1;51503 RÃ¶srath;mail@hennes-optik-hoerakustik.de;;;Gutschein;50,00;Andrea Siebert;wird verschickt;Andrea
258;2677;Andre Hennes;Hennes Optik Roesrath;Im Weidenauel 1;51503 RÃ¶srath;mail@hennes-optik-hoerakustik.de;;;Gutschein;50,00;Andrea Siebert;wird verschickt;Andrea
259;2390;Andre Hennes;Hennes Optik Roesrath;Im Weidenauel 1;51503 RÃ¶srath;mail@hennes-optik-hoerakustik.de;;;Gutschein;50,00;Andrea Siebert;wird verschickt;Andrea
260;1942;Kemal GÃ¼mÃ¼shan;Garten begeistert Roesrath;JahnstraÃŸe 10;51503 RÃ¶srath;info@garten-begeistert.de;;;Gutschein;15,00;Andrea Siebert;im GeschÃ¤ft;Andrea
261;1735;Kemal GÃ¼mÃ¼shan;Garten begeistert Roesrath;JahnstraÃŸe 10;51503 RÃ¶srath;info@garten-begeistert.de;;;Gutschein;15,00;Andrea Siebert;im GeschÃ¤ft;Andrea
262;681;Kemal GÃ¼mÃ¼shan;Garten begeistert Roesrath;JahnstraÃŸe 10;51503 RÃ¶srath;info@garten-begeistert.de;;;Gutschein;15,00;Andrea Siebert;im GeschÃ¤ft;Andrea
263;271;Bernd KÃ¶rber;Optik Gummersbach Roesrath;HauptstraÃŸe 74;51503 RÃ¶srath;info@optik-gummersbach.de; 80,00 ;;Restaurantgutschein Asado;Gutschein 80;Andrea Siebert;wird persÃ¶nlich Ã¼bergeben;Andrea
264;1531;JÃ¶rg Klug;Elektro Bosbach Roesrath;HauptstraÃŸe 34;51503 RÃ¶srath;werkstatt-bosbach@gmx.de;;;Gutschein;30,00;Andrea Siebert;wird verschickt;Andrea
265;3723;Ashraf Hossain;Fachwerk Hoffnungsthal;HauptstrÃŸe 215;51503 RÃ¶srath;fachwerk.hoffnungsthal@gmail.com;;;Gutschein;20,00;Andrea Siebert;wird verschickt;Andrea
266;289;Ashraf Hossain;Fachwerk Hoffnungsthal;HauptstrÃŸe 215;51503 RÃ¶srath;fachwerk.hoffnungsthal@gmail.com;;;Gutschein;20,00;Andrea Siebert;wird verschickt;Andrea
267;1981;Golfclub der LÃ¼derich;Golfclub Der Luederich Untereschbach;Am Golfplatz 1;51491 Overath;info@gc-luederich.de;;;Golf Schnupperkurs;Gutschein;Rosemarie Hagemann;Anna;Clementine
268;1965;Golfclub der LÃ¼derich;Golfclub Der Luederich Untereschbach;Am Golfplatz 1;51491 Overath;info@gc-luederich.de;;;Golf Schnupperkurs;Gutschein;Rosemarie Hagemann;Anna;Clementine
269;548;Golfclub der LÃ¼derich;Golfclub Der Luederich Untereschbach;Am Golfplatz 1;51491 Overath;info@gc-luederich.de;;;Golf Schnupperkurs;Gutschein;Rosemarie Hagemann;Anna;Clementine
270;1020;Golfclub der LÃ¼derich;Golfclub Der Luederich Untereschbach;Am Golfplatz 1;51491 Overath;info@gc-luederich.de;;;Golf Schnupperkurs;Gutschein;Rosemarie Hagemann;Anna;Clementine
271;2325;Golfclub der LÃ¼derich;Golfclub Der Luederich Untereschbach;Am Golfplatz 1;51491 Overath;info@gc-luederich.de;;;Familienkarte Adventure Mini Golf;Gutschein;Rosemarie Hagemann;Anna;Clementine
272;224;Golfclub der LÃ¼derich;Golfclub Der Luederich Untereschbach;Am Golfplatz 1;51491 Overath;info@gc-luederich.de;;;Familienkarte Adventure Mini Golf;Gutschein;Rosemarie Hagemann;Anna;Clementine
273;3641;Golfclub der LÃ¼derich;Golfclub Der Luederich Untereschbach;Am Golfplatz 1;51491 Overath;info@gc-luederich.de;;;Gutschein Restaurant Bergwerk;20,00;Rosemarie Hagemann;Anna;Clementine
274;855;Golfclub der LÃ¼derich;Golfclub Der Luederich Untereschbach;Am Golfplatz 1;51491 Overath;info@gc-luederich.de;;;Gutschein Restaurant Bergwerk;20,00;Rosemarie Hagemann;Anna;Clementine
275;109;Frau Kohorst;Wein & Fein Refrath;Bertram-Blank Str. 8A;51427 Bergisch Gladbach;02204/9199449;;;Gutschein;10,00;Elke DÃ¶rrenhaus u. Ulla Freund;im GeschÃ¤ft;Martina
276;1879;Frau Kohorst;Wein & Fein Refrath;Bertram-Blank Str. 8A;51427 Bergisch Gladbach;02204/9199449;;;Gutschein;10,00;Elke DÃ¶rrenhaus u. Ulla Freund;im GeschÃ¤ft;Martina
277;3788;Frau Kohorst;Wein & Fein Refrath;Bertram-Blank Str. 8A;51427 Bergisch Gladbach;02204/9199449;;;Gutschein;10,00;Elke DÃ¶rrenhaus u. Ulla Freund;im GeschÃ¤ft;Martina
278;3504;Frau Tschamtke;P. Concept Refrath;Siebenmorgen 41;51427 Bergisch Gladbach;hello@pconcept.store;;;Gutschein;25,00;Elke DÃ¶rrenhaus u. Ulla Freund;im GeschÃ¤ft;Martina
279;2587;Frau Tschamtke;P. Concept Refrath;Siebenmorgen 41;51427 Bergisch Gladbach;hello@pconcept.store;;;Gutschein;25,00;Elke DÃ¶rrenhaus u. Ulla Freund;im GeschÃ¤ft;Martina
280;3673;Frau Tschamtke;P. Concept Refrath;Siebenmorgen 41;51427 Bergisch Gladbach;hello@pconcept.store;;;Gutschein;25,00;Elke DÃ¶rrenhaus u. Ulla Freund;im GeschÃ¤ft;Martina
281;294;Frau Tschamtke;P. Concept Refrath;Siebenmorgen 41;51427 Bergisch Gladbach;hello@pconcept.store;;;Gutschein;25,00;Elke DÃ¶rrenhaus u. Ulla Freund;im GeschÃ¤ft;Martina
282;2512;;Geschaenke (Oel/Essig/etc.) Refrath;DolmanstraÃŸe 18;51427 Bergisch Gladbach;geschÃ¤nke-refrath@gmx.de;;;Gutschein (Bereich Feinkost/Genuss);10,00;Elke DÃ¶rrenhaus u. Ulla Freund;im GeschÃ¤ft;Martina
283;2267;;Geschaenke (Oel/Essig/etc.) Refrath;DolmanstraÃŸe 18;51427 Bergisch Gladbach;geschÃ¤nke-refrath@gmx.de;;;Gutschein (Bereich Feinkost/Genuss);10,00;Elke DÃ¶rrenhaus u. Ulla Freund;im GeschÃ¤ft;Martina
284;3626;;Geschaenke (Oel/Essig/etc.) Refrath;DolmanstraÃŸe 18;51427 Bergisch Gladbach;geschÃ¤nke-refrath@gmx.de;;;Gutschein (Bereich Feinkost/Genuss);10,00;Elke DÃ¶rrenhaus u. Ulla Freund;im GeschÃ¤ft;Martina
285;3677;;Geschaenke (Oel/Essig/etc.) Refrath;DolmanstraÃŸe 18;51427 Bergisch Gladbach;geschÃ¤nke-refrath@gmx.de;;;Gutschein (Bereich Feinkost/Genuss);10,00;Elke DÃ¶rrenhaus u. Ulla Freund;im GeschÃ¤ft;Martina
286;1335;;Geschaenke (Oel/Essig/etc.) Refrath;DolmanstraÃŸe 18;51427 Bergisch Gladbach;geschÃ¤nke-refrath@gmx.de;;;Gutschein (Bereich Feinkost/Genuss);10,00;Elke DÃ¶rrenhaus u. Ulla Freund;im GeschÃ¤ft;Martina
287;2426;;Buchhandlung Siebenmorgen Refrath;Siebenmorgen 19;51427 Bergisch Gladbach;info@buchhandlung-7morgen.de;;;Gutschein;25,00;Elke DÃ¶rrenhaus u. Ulla Freund;im GeschÃ¤ft;Martina
288;2439;;Buchhandlung Siebenmorgen Refrath;Siebenmorgen 19;51427 Bergisch Gladbach;info@buchhandlung-7morgen.de;;;Gutschein;25,00;Elke DÃ¶rrenhaus u. Ulla Freund;im GeschÃ¤ft;Martina
289;1952;Frau Finken;ZWOELF Refrath;Bertram-Blank Str. 8;51427 Bergisch Gladbach;info@zwÃ¶lf-store.de;;;Gutschein;20,00;Elke DÃ¶rrenhaus u. Ulla Freund;im GeschÃ¤ft;Martina
290;3429;Frau Finken;ZWOELF Refrath;Bertram-Blank Str. 8;51427 Bergisch Gladbach;info@zwÃ¶lf-store.de;;;Gutschein;20,00;Elke DÃ¶rrenhaus u. Ulla Freund;im GeschÃ¤ft;Martina
291;2552;Frau Finken;ZWOELF Refrath;Bertram-Blank Str. 8;51427 Bergisch Gladbach;info@zwÃ¶lf-store.de;;;Gutschein;10,00;Elke DÃ¶rrenhaus u. Ulla Freund;im GeschÃ¤ft;Martina
292;3618;Frau Kleitz;Wolke 4 Refrath;Kirchplatz 4;51427 Bergisch Gladbach;martina.kleitz@gmx.de;;;Gutschein;25,00;Elke DÃ¶rrenhaus u. Ulla Freund;im GeschÃ¤ft;Martina
293;772;Frau Kleitz;Wolke 4 Refrath;Kirchplatz 4;51427 Bergisch Gladbach;martina.kleitz@gmx.de;;;Gutschein;25,00;Elke DÃ¶rrenhaus u. Ulla Freund;im GeschÃ¤ft;Martina
294;2788;Frau Kleitz;Wolke 4 Refrath;Kirchplatz 4;51427 Bergisch Gladbach;martina.kleitz@gmx.de;;;Gutschein;25,00;Elke DÃ¶rrenhaus u. Ulla Freund;im GeschÃ¤ft;Martina
295;879;Frau Kleitz;Wolke 4 Refrath;Kirchplatz 4;51427 Bergisch Gladbach;martina.kleitz@gmx.de;;;Gutschein;25,00;Elke DÃ¶rrenhaus u. Ulla Freund;im GeschÃ¤ft;Martina
296;2022;Blumen Ludemann;Blumen Ludemann Refrath;Siebenmorgen 24;51427 Bergisch Gladbach;info@blumen-ludemann.de;;;Gutschein;15,00;Elke DÃ¶rrenhaus u. Ulla Freund;Anna;Martina
297;3500;Blumen Ludemann;Blumen Ludemann Refrath;Siebenmorgen 24;51427 Bergisch Gladbach;info@blumen-ludemann.de;;;Gutschein;15,00;Elke DÃ¶rrenhaus u. Ulla Freund;Anna;Martina
298;1618;Blumen Ludemann;Blumen Ludemann Refrath;Siebenmorgen 24;51427 Bergisch Gladbach;info@blumen-ludemann.de;;;Gutschein;15,00;Elke DÃ¶rrenhaus u. Ulla Freund;Anna;Martina
299;430;Blumen Ludemann;Blumen Ludemann Refrath;Siebenmorgen 24;51427 Bergisch Gladbach;info@blumen-ludemann.de;;;Gutschein;15,00;Elke DÃ¶rrenhaus u. Ulla Freund;Anna;Martina
300;940;Blumen Ludemann;Blumen Ludemann Refrath;Siebenmorgen 24;51427 Bergisch Gladbach;info@blumen-ludemann.de;;;Gutschein;15,00;Elke DÃ¶rrenhaus u. Ulla Freund;Anna;Martina
301;3953;AIDA MODA;AIDA MODA Refarth;AIDA MODA Refarth;51427 Bergisch Gladbach;info@aidamoda.de;;;Gutschein;20,00;Elke DÃ¶rrenhaus u. Ulla Freund;im GeschÃ¤ft;Martina
302;3190;AIDA MODA;AIDA MODA Refarth;Siebenmorgen 45;51427 Bergisch Gladbach;info@aidamoda.de;;;Gutschein;20,00;Elke DÃ¶rrenhaus u. Ulla Freund;im GeschÃ¤ft;Martina
303;1465;AIDA MODA;AIDA MODA Refarth;Siebenmorgen 45;51427 Bergisch Gladbach;info@aidamoda.de;;;Gutschein;20,00;Elke DÃ¶rrenhaus u. Ulla Freund;im GeschÃ¤ft;Martina
304;3485;Frau Rolle;Cafe Andrae Refrath;Siebenmorgen 7;51427 Bergisch Gladbach;info@cafe-andrae.de;;;Gutschein;20,00;Elke DÃ¶rrenhaus u. Ulla Freund;im GeschÃ¤ft;Martina
305;526;Frau Rolle;Cafe Andrae Refrath;Siebenmorgen 7;51427 Bergisch Gladbach;info@cafe-andrae.de;;;Gutschein;20,00;Elke DÃ¶rrenhaus u. Ulla Freund;im GeschÃ¤ft;Martina
306;1218;Kind & Schmitz ;Kind & Schmitz (Kinderschuhe) Refrath;Siebenmorgen 20;51427 Bergisch Gladbach;laden@kindschmitz.de;;;Gutschein;20,00;Elke DÃ¶rrenhaus u. Ulla Freund;im GeschÃ¤ft;Martina
307;1250;Kind & Schmitz ;Kind & Schmitz (Kinderschuhe) Refrath;Siebenmorgen 20;51427 Bergisch Gladbach;laden@kindschmitz.de;;;Gutschein;20,00;Elke DÃ¶rrenhaus u. Ulla Freund;im GeschÃ¤ft;Martina
308;2594;Ulrich Schneider;;Hoffnungsthaler Str.;51503 RÃ¶srath;0173/5679885; 200,00 ;;Restaurantgutschein Klostermuehle;Gutschein Ã¼ber 200;Andrea Siebert;wird persÃ¶nlich Ã¼bergeben;Andrea
309;1349;Gino Gabriele;Lehmbacher Hof Ristorante Hoffnungsthal;Bergische Landstr.161;51503 RÃ¶srath;info@lehmbacher-hof.de;;;Gutschein;30,00;Andrea Siebert;wird verschickt;Andrea
310;3580;Gino Gabriele;Lehmbacher Hof Ristorante Hoffnungsthal;Bergische Landstr.161;51503 RÃ¶srath;info@lehmbacher-hof.de;;;Gutschein;20,00;Andrea Siebert;wird verschickt;Andrea
311;3963;Oxana Eutener;FuÃŸharmonie Hoffnungsthal;HauptstraÃŸe 258;51503 RÃ¶srath;0157 54422938;;;Gutschein;10,00;Andrea Siebert;wird verschickt;Andrea
312;2715;Oxana Eutener;FuÃŸharmonie Hoffnungsthal;HauptstraÃŸe 258;51503 RÃ¶srath;0157 54422938;;;Gutschein;10,00;Andrea Siebert;wird verschickt;Andrea
313;2052;Oxana Eutener;FuÃŸharmonie Hoffnungsthal;HauptstraÃŸe 258;51503 RÃ¶srath;0157 54422938;;;Gutschein;10,00;Andrea Siebert;wird verschickt;Andrea
314;2210;Swea Menser;Stadtwerke Roesrath;HauptstraÃŸe 142;51503 RÃ¶srath;info@stadtwerke-roesrath.de;;; 5x Eintritt Freibad Hoffnungsthal;25,00;Andrea Siebert;wird verschickt;Andrea
315;3263;Swea Menser;Stadtwerke Roesrath;HauptstraÃŸe 142;51503 RÃ¶srath;info@stadtwerke-roesrath.de;;; 5x Eintritt Freibad Hoffnungsthal;25,00;Andrea Siebert;wird verschickt;Andrea
316;2394;Swea Menser;Stadtwerke Roesrath;HauptstraÃŸe 142;51503 RÃ¶srath;info@stadtwerke-roesrath.de;;; 5x Eintritt Freibad Hoffnungsthal;25,00;Andrea Siebert;wird verschickt;Andrea
317;1130;Brian Wonner- MÃ¼schenborn;glÃ¼ck auf Schuhe Roesrath;HauptstraÃŸe 165;51503 RÃ¶srath;info@glueck-auf.shop.de;;;Gutschein;20,00;Andrea Siebert;wird verschickt;Andrea
318;1005;Miguel Louzao de la Cruz;Bistro Picasso Hoffnungsthal;HauptstraÃŸe 246;51503 RÃ¶srath;02205 2238;;;Gutschein;20,00;Andrea Siebert;wird verschickt;Andrea
319;149;Miguel Louzao de la Cruz;Bistro Picasso Hoffnungsthal;HauptstraÃŸe 246;51503 RÃ¶srath;02205 2238;;;Gutschein;20,00;Andrea Siebert;wird verschickt;Andrea
320;2172;Rolf SchrÃ¶der;Haarwerkstatt Schroeder Troisdorf;Taubengasse 32;53840 Troisdorf;info@haarwerkstatt-schroeder.de;;;Gutschein Damenhaarschnitt;42,00;Andrea Siebert;wird verschickt;Andrea
321;320;Rolf SchrÃ¶der;Haarwerkstatt Schroeder Troisdorf;Taubengasse 32;53840 Troisdorf;info@haarwerkstatt-schroeder.de;;;Gutschein Damenhaarschnitt;42,00;Andrea Siebert;wird verschickt;Andrea
322;1384;Rolf SchrÃ¶der;Haarwerkstatt Schroeder Troisdorf;Taubengasse 32;53840 Troisdorf;info@haarwerkstatt-schroeder.de;;;Gutschein Herrenhaarschnitt;38,00;Andrea Siebert;wird verschickt;Andrea
323;2235;Rolf SchrÃ¶der;Haarwerkstatt Schroeder Troisdorf;Taubengasse 32;53840 Troisdorf;info@haarwerkstatt-schroeder.de;;;Gutschein Herrenhaarschnitt;38,00;Andrea Siebert;wird verschickt;Andrea
324;2016;Rolf SchrÃ¶der;Haarwerkstatt Schroeder Troisdorf;HauptstraÃŸe 230;51503 RÃ¶srath;info@haarwerkstatt-schroeder.de;;;Gutschein Damenhaarschnitt;42,00;Andrea Siebert;wird verschickt;Andrea
325;2232;Rolf SchrÃ¶der;Haarwerkstatt Schroeder Troisdorf;HauptstraÃŸe 230;51503 RÃ¶srath;info@haarwerkstatt-schroeder.de;;;Gutschein Damenhaarschnitt;42,00;Andrea Siebert;wird verschickt;Andrea
326;1337;Rolf SchrÃ¶der;Haarwerkstatt Schroeder Troisdorf;HauptstraÃŸe 230;51503 RÃ¶srath;info@haarwerkstatt-schroeder.de;;;Gutschein Herrenhaarschnitt;38,00;Andrea Siebert;wird verschickt;Andrea
327;2701;Rolf SchrÃ¶der;Haarwerkstatt Schroeder Troisdorf;HauptstraÃŸe 230;51503 RÃ¶srath;info@haarwerkstatt-schroeder.de;;;Gutschein Herrenhaarschnitt;38,00;Andrea Siebert;wird verschickt;Andrea
328;3679;Frau Rex Eberle;Monti Werkzeuge GmbH Hennef;Reisertstrasse 21;53773 Hennef;manuela.rex@montipower.com; 700,00 ;;StÃ¤dtetour;Gutschein;Manuela Rex-Eberle;wird perÃ¶snlich Ã¼bergeben;Manuela Rex-Eberle
329;2948;Diana Thamm;Oliveto Overath;Hauptstrasse 78;51491 Overath;;;;Gutschein Oliveto;25,00;Manuela Rex-Eberle;Im GeschÃ¤ft;Manuela Rex-Eberle
330;1086;Diana Thamm;Oliveto Overath;Hauptstrasse 78;51491 Overath;;;;Gutschein Oliveto;25,00;Manuela Rex-Eberle;Im GeschÃ¤ft;Manuela Rex-Eberle
331;986;Diana Thamm;Oliveto Overath;Hauptstrasse 78;51491 Overth;;;;Gutschein Oliveto;25,00;Manuela Rex-Eberle;Im GeschÃ¤ft;Manuela Rex-Eberle
332;2334;Heike Berg;Mode Heike Berg Overath;Hauptstrasse 78;51491 Overath;;;;Gutscheine Mode Berg;50,00;Manuela Rex-Eberle;Im GeschÃ¤ft;Manuela Rex-Eberle
333;3829;Heike Berg;Mode Heike Berg Overath;Am Weidenbach 7;51491 Overath;;;;Gutschein Mode Berg;50,00;Manuela Rex-Eberle;Im GeschÃ¤ft;Manuela Rex-Eberle
334;431;Diana Thamm;Oliveto Overath;Hauptstrasse 78;51491 Overath;;;;Gutschein Oliveto;25,00;Manuela Rex-Eberle;Im GeschÃ¤ft;Manuela Rex-Eberle
335;1607;Diana Thamm;Oliveto Overath;Hauptstrasse 78;51491 Overath;;;;Gutschein Oliveto;25,00;Manuela Rex-Eberle;Im GeschÃ¤ft;Manuela Rex-Eberle
336;262;Diana Thamm;Oliveto Overath;Hauptstrasse 78;51491 Overath;;;;Gutschein Oliveto;25,00;Manuela Rex-Eberle;Im GeschÃ¤ft;Manuela Rex-Eberle
337;2031;Elke Schenkmann & Team;Yogaschule Tempelglueck Overath;Dr.-Ringens-Str. 7a;51491 Overath;16091475758;;;Gutschein;65,00;Sibylle Haas;Clementine;Clementine
338;421;Elke Schenkmann & Team;Yogaschule Tempelglueck Overath;Dr.-Ringens-Str. 7a;51491 Overath;16091475758;;;Gutschein;65,00;Sibylle Haas;Clementine;Clementine
339;2752;Elke Schenkmann & Team;Yogaschule Tempelglueck Overath;Dr.-Ringens-Str. 7a;51491 Overath;16091475758;;;Schnupperkurs;Gutschein;Sibylle Haas;Clementine;Clementine
340;3055;Elke Schenkmann & Team;Yogaschule Tempelglueck Overath;Dr.-Ringens-Str. 7a;51491 Overath;16091475758;;;Schnupperkurs;Gutschein;Sibylle Haas;Clementine;Clementine
341;1449;Elke Schenkmann & Team;Yogaschule Tempelglueck Overath;Dr.-Ringens-Str. 7a;51491 Overath;16091475758;;;Schnupperkurs;Gutschein;Sibylle Haas;Clementine;Clementine
342;3928;;TV Refrath Fit und Aktiv Fitnessstudio;Wilhelm-Klein-StraÃŸe 18-20;51427 Bergisch Gladbach;02204-8678860;;;Training;Gutschein;Sibylle Haas;Sibylle Haas;Clementine
343;182;;TV Refrath Fit und Aktiv Fitnessstudio;Wilhelm-Klein-StraÃŸe 18-20;51427 Bergisch Gladbach;02204-8678860;;;Training;Gutschein;Sibylle Haas;Sibylle Haas;Clementine
344;3529;;TV Refrath Fit und Aktiv Fitnessstudio;Wilhelm-Klein-StraÃŸe 18-20;51427 Bergisch Gladbach;02204-8678860;;;Training;Gutschein;Sibylle Haas;Sibylle Haas;Clementine
345;46;;TV Refrath Fit und Aktiv Fitnessstudio;Wilhelm-Klein-StraÃŸe 18-20;51427 Bergisch Gladbach;02204-8678860;;;Training;Gutschein;Sibylle Haas;Sibylle Haas;Clementine
346;1065;;TV Refrath Fit und Aktiv Fitnessstudio;Wilhelm-Klein-StraÃŸe 18-20;51427 Bergisch Gladbach;02204-8678860;;;Training;Gutschein;Sibylle Haas;Sibylle Haas;Clementine
347;238;;TV Refrath Fit und Aktiv Fitnessstudio;Wilhelm-Klein-StraÃŸe 18-20;51427 Bergisch Gladbach;02204-8678860;;;Training;Gutschein;Sibylle Haas;Sibylle Haas;Clementine
348;3807;;TV Refrath Fit und Aktiv Fitnessstudio;Wilhelm-Klein-StraÃŸe 18-20;51427 Bergisch Gladbach;02204-8678860;;;Training;Gutschein;Sibylle Haas;Sibylle Haas;Clementine
349;2575;;TV Refrath Fit und Aktiv Fitnessstudio;Wilhelm-Klein-StraÃŸe 18-20;51427 Bergisch Gladbach;02204-8678860;;;Training;Gutschein;Sibylle Haas;Sibylle Haas;Clementine
350;2705;;TV Refrath Fit und Aktiv Fitnessstudio;Wilhelm-Klein-StraÃŸe 18-20;51427 Bergisch Gladbach;02204-8678860;;;Training;Gutschein;Sibylle Haas;Sibylle Haas;Clementine
351;3595;;TV Refrath Fit und Aktiv Fitnessstudio;Wilhelm-Klein-StraÃŸe 18-20;51427 Bergisch Gladbach;02204-8678860;;;Training;Gutschein;Sibylle Haas;Sibylle Haas;Clementine
352;513;;OxclusivA Gewuerzmanufaktur Engelskirchen;ReckensteinstraÃŸe 4;51766 Engelskirchen;02263-8025440;;;Gewuerzseminar;Gutschein;Sibylle Haas;Sibylle Haas;Clementine
353;3315;;OxclusivA Gewuerzmanufaktur Engelskirchen;ReckensteinstraÃŸe 4;51766 Engelskirchen;02263-8025440;;;Gewuerzseminar;Gutschein;Sibylle Haas;Sibylle Haas;Clementine
354;1251;;OxclusivA Gewuerzmanufaktur Engelskirchen;ReckensteinstraÃŸe 4;51766 Engelskirchen;02263-8025440;;;Gewuerzseminar;Gutschein;Sibylle Haas;Sibylle Haas;Clementine
355;3229;Maria-Theresia Wolff;Phantasiali Stoffe Bergisch Gladbach;KalmÃ¼ntener Str. 104a;51467 Bergisch Gladbach;01578-8188194;;;Gutschein;10,00;Sibylle Haas;Sibylle Haas;Clementine
356;2581;Maria-Theresia Wolff;Phantasiali Stoffe Bergisch Gladbach;KalmÃ¼ntener Str. 104a;51467 Bergisch Gladbach;01578-8188194;;;Gutschein;10,00;Sibylle Haas;Sibylle Haas;Clementine
357;2909;Maria-Theresia Wolff;Phantasiali Stoffe Bergisch Gladbach;KalmÃ¼ntener Str. 104a;51467 Bergisch Gladbach;01578-8188194;;;Gutschein;15,00;Sibylle Haas;Sibylle Haas;Clementine
358;3877;Maria-Theresia Wolff;Phantasiali Stoffe Bergisch Gladbach;KalmÃ¼ntener Str. 104a;51467 Bergisch Gladbach;01578-8188194;;;Gutschein;15,00;Sibylle Haas;Sibylle Haas;Clementine
359;1298;Elke Bremer;Leder Bremer Bergisch Gladbach;HauptstraÃŸe 157;51465 Bergisch Gladbach;02202-32475;;;Gutschein;50,00;Rosemarie Hagemann;Rosemarie Hagemann;Clementine
360;3546;Fee Valentin;Kolibri Hoffnungsthal;Hauptstrasse 238;51503 RÃ¶srath;02205-9202415;;;Gutschein;20,00;Manuela Rex-Eberle;Im GeschÃ¤ft;Manuela Rex-Eberle
361;329;Elke Berger;fuer haare Troisdorf Spich;HauptstraÃŸe 78;53842 Troisdorf Spich;02241-42724;;;Gutschein;50,00;Martina Uedelhoven;Im GeschÃ¤ft;Martina
362;279;Elke Berger;fuer haare Troisdorf Spich;HauptstraÃŸe 78;53842 Troisdorf Spich;02241-42724;;;Gutschein;50,00;Martina Uedelhoven;Im GeschÃ¤ft;Martina
363;2824;Dagmar Durgeloh-JÃ¼rging;Praxis fuer Naturheilkunde Herkenrath;Strassen 83;51429 Bergisch Gladbach;02204-2919105;;;Gutschein Antistress Augenmassage;39,00;Dagmar Durgeloh-JÃ¼rging;Im GeschÃ¤ft;Dagmar
364;1217;Dagmar Durgeloh-JÃ¼rging;Praxis fuer Naturheilkunde Herkenrath;Strassen 83;51429 Bergisch Gladbach;02204-2919105;;;Gutschein Antistress Rueckenmassage;59,00;Dagmar Durgeloh-JÃ¼rging;Im GeschÃ¤ft;Dagmar
365;647;Dagmar Durgeloh-JÃ¼rging;Praxis fuer Naturheilkunde Herkenrath;Strassen 83;51429 Bergisch Gladbach;02204-2919105;;;Gutschein Antistress Rueckenmassage;39,00;Dagmar Durgeloh-JÃ¼rging;Im GeschÃ¤ft;Dagmar
366;462;Dagmar Durgeloh-JÃ¼rging;Praxis fuer Naturheilkunde Herkenrath;Strassen 83;51429 Bergisch Gladbach;02204-2919105;;;Gutschein Antistress Rueckenmassage;39,00;Dagmar Durgeloh-JÃ¼rging;Im GeschÃ¤ft;Dagmar
367;1302;Dagmar Durgeloh-JÃ¼rging;Praxis fuer Naturheilkunde Herkenrath;Strassen 83;51429 Bergisch Gladbach;02204-2919105;;;Gutschein Antistress Rueckenmassage;39,00;Dagmar Durgeloh-JÃ¼rging;Im GeschÃ¤ft;Dagmar
368;3372;Dagmar Durgeloh-JÃ¼rging;Praxis fuer Naturheilkunde Herkenrath;Strassen 83;51429 Bergisch Gladbach;02204-2919105;;;Gutschein Antistress Rueckenmassage;39,00;Dagmar Durgeloh-JÃ¼rging;Im GeschÃ¤ft;Dagmar
369;1647;Dagmar Durgeloh-JÃ¼rging;Praxis fuer Naturheilkunde Herkenrath;Strassen 83;51429 Bergisch Gladbach;02204-2919105;;;Gutschein Antistress Rueckenmassage;59,00;Dagmar Durgeloh-JÃ¼rging;Im GeschÃ¤ft;Dagmar
370;2104;Dagmar Durgeloh-JÃ¼rging;Praxis fuer Naturheilkunde Herkenrath;Strassen 83;51429 Bergisch Gladbach;02204-2919105;;;Gutschein Antistress Rueckenmassage;59,00;Dagmar Durgeloh-JÃ¼rging;Im GeschÃ¤ft;Dagmar
371;3586;Dagmar Durgeloh-JÃ¼rging;Praxis fuer Naturheilkunde Herkenrath;Strassen 83;51429 Bergisch Gladbach;02204-2919105;;;Gutschein Antistress Rueckenmassage;59,00;Dagmar Durgeloh-JÃ¼rging;Im GeschÃ¤ft;Dagmar
372;2774;Dagmar Durgeloh-JÃ¼rging;Praxis fuer Naturheilkunde Herkenrath;Strassen 83;51429 Bergisch Gladbach;02204-2919105;;;Gutschein Antistress Rueckenmassage;59,00;Dagmar Durgeloh-JÃ¼rging;Im GeschÃ¤ft;Dagmar
373;2949;Rechtsanwalt Markus Glietz;Rechtsanwalt Markus Glietz Overath;Hauptstrasse 77;51491 Overath;; 200,00 ;;Restaurant piemonteca Overath;Gutschein Ã¼ber 200;Manuela Rex-Eberle;wird persÃ¶nlich Ã¼bergben;Manuela Rex-Eberle
374;3656;Restaurant LÃ¼denbach;Restaurant Luedenbach Overath;Klef 9;51491 Overath;;;;ÃœberraschungsmenÃ¼;Gutschein;Manuela Rex-Eberle;wird persÃ¶nlich Ã¼bergben;Manuela Rex-Eberle
375;1849;Jennifer Rosenow;CafÃ© Rosenow Hoffnungstahl;HauptstraÃŸe 270;51503 RÃ¶srath;info@cafe-rosenow.de;;;Gutschein;10,00;Andrea Siebert;wird verschickt;Andrea
376;3047;Jennifer Rosenow;CafÃ© Rosenow Hoffnungstahl;HauptstraÃŸe 270;51503 RÃ¶srath;info@cafe-rosenow.de;;;Gutschein;10,00;Andrea Siebert;wird verschickt;Andrea
377;1783;Jennifer Rosenow;CafÃ© Rosenow Hoffnungstahl;HauptstraÃŸe 270;51503 RÃ¶srath;info@cafe-rosenow.de;;;Gutschein;10,00;Andrea Siebert;wird verschickt;Andrea
378;1098;Fabian Zimmermann;fresh& fair Food Lohmar;Meigerhof 1;53797 Lohmar;info@freshfairfood.de;;;Gutschein freshBox 4kg;26,64;Andrea Siebert;wird verschickt;Andrea
379;2668;Fabian Zimmermann;fresh& fair Food Lohmar;Meigerhof 1;53797 Lohmar;info@freshfairfood.de;;;Gutschein freshBox 4kg;26,64;Andrea Siebert;wird verschickt;Andrea
380;1716;Fabian Zimmermann;fresh& fair Food Lohmar;Meigerhof 1;53797 Lohmar;info@freshfairfood.de;;;Gutschein freshBox 4kg;26,64;Andrea Siebert;wird verschickt;Andrea
381;2229;Fabian Zimmermann;fresh& fair Food Lohmar;Meigerhof 1;53797 Lohmar;info@freshfairfood.de;;;Gutschein freshBox 4kg;26,64;Andrea Siebert;wird verschickt;Andrea
382;2793;Fabian Zimmermann;fresh& fair Food Lohmar;Meigerhof 1;53797 Lohmar;info@cafe-rosenow.de;;;Gutschein freshBox 4kg;26,64;Andrea Siebert;wird verschickt;Andrea
383;3477;Fabian Zimmermann;fresh& fair Food Lohmar;Meigerhof 1;53797 Lohmar;info@cafe-rosenow.de;;;Gutschein freshBox 4kg;26,64;Andrea Siebert;wird verschickt;Andrea
384;1745;;Friseur Klinkhammer Refrath;VÃ¼rfelser Kaule 50;51427 Bergisch Gladbach;dirkk922@gmail.com;;;Gutschein Pflegeset von Marc Weiss NH23 ;60,00;Elke DÃ¶rrenhaus/ Ulla Freund;im GeschÃ¤ft;Martina
385;1324;;Friseur Klinkhammer Refrath;VÃ¼rfelser Kaule 50;51427 Bergisch Gladbach;dirkk922@gmail.com;;;Gutschein Dienstleistung im Salon;50,00;Elke DÃ¶rrenhaus/ Ulla Freund;im GeschÃ¤ft;Martina
386;3566;;Pusteblume Refrath;Wingertsheide 33;51427 Bergisch Gladbach;Pusteblume-Barion@web.de;;;Gutschein;10,00;Elke DÃ¶rrenhaus/ Ulla Freund;im GeschÃ¤ft;Martina
387;1779;;Pusteblume Refrath;Wingertsheide 33;51427 Bergisch Gladbach;Pusteblume-Barion@web.de;;;Gutschein;10,00;Elke DÃ¶rrenhaus/ Ulla Freund;im GeschÃ¤ft;Martina
388;1303;;Pusteblume Refrath;Wingertsheide 33;51427 Bergisch Gladbach;Pusteblume-Barion@web.de;;;Gutschein;10,00;Elke DÃ¶rrenhaus/ Ulla Freund;im GeschÃ¤ft;Martina
389;806;;Pusteblume Refrath;Wingertsheide 33;51427 Bergisch Gladbach;Pusteblume-Barion@web.de;;;Gutschein;10,00;Elke DÃ¶rrenhaus/ Ulla Freund;im GeschÃ¤ft;Martina
390;330;;Pusteblume Refrath;Wingertsheide 33;51427 Bergisch Gladbach;Pusteblume-Barion@web.de;;;Gutschein;10,00;Elke DÃ¶rrenhaus/ Ulla Freund;im GeschÃ¤ft;Martina
391;1773;;Roehrig Schuhe Refrath;Siebenmorgen 28;51427 Bergisch Gladbach;info@rÃ¶hrig-schuhe.de;;;Gutschein;15,00;Elke DÃ¶rrenhaus/ Ulla Freund;im GeschÃ¤ft;Martina
392;1488;;Roehrig Schuhe Refrath;Siebenmorgen 28;51427 Bergisch Gladbach;info@rÃ¶hrig-schuhe.de;;;Gutschein;15,00;Elke DÃ¶rrenhaus/ Ulla Freund;im GeschÃ¤ft;Martina
393;2321;;Roehrig Schuhe Refrath;Siebenmorgen 28;51427 Bergisch Gladbach;info@rÃ¶hrig-schuhe.de;;;Gutschein;15,00;Elke DÃ¶rrenhaus/ Ulla Freund;im GeschÃ¤ft;Martina
394;2250;BÃ¤rbel Maassen;Jacques Weindepot Roesrath;Hauptstr.17;51503 RÃ¶srath;roesrath@jacques.de;;;Gutschein fÃ¼r 3 Flaschen Wein;30,00;Gudrun SÃ¤uberlich-Spannagel;im GeschÃ¤ft;Martina
395;2795;BÃ¤rbel Maassen;Jacques Weindepot Roesrath;Hauptstr.17;51503 RÃ¶srath;roesrath@jacques.de;;;Gutschein fÃ¼r 2 Flaschen Wein;20,00;Gudrun SÃ¤uberlich-Spannagel;im GeschÃ¤ft;Martina
396;2137;BÃ¤rbel Maassen;Jacques Weindepot Roesrath;Hauptstr.17;51503 RÃ¶srath;roesrath@jacques.de;;;Gutschein fÃ¼r 1 Flasche Wein;10,00;Gudrun SÃ¤uberlich-Spannagel;im GeschÃ¤ft;Martina
397;521;Frau Marx;Pafuemerie Becker Roesrath;Hauptstr.59;51503 RÃ¶srath;shop@parfÃ¼merie-becker.de;;;Gutschein;10,00;Gudrun SÃ¤uberlich-Spannagel;Anna;Martina
398;249;Frau Marx;Pafuemerie Becker Roesrath;Hauptstr.59;51503 RÃ¶srath;shop@parfÃ¼merie-becker.de;;;Gutschein;10,00;Gudrun SÃ¤uberlich-Spannagel;Anna;Martina
399;3030;Frau Marx;Pafuemerie Becker Roesrath;Hauptstr.59;51503 RÃ¶srath;shop@parfÃ¼merie-becker.de;;;Gutschein;10,00;Gudrun SÃ¤uberlich-Spannagel;Anna;Martina
400;3350;Innessa Gaisinskaia;FachfuÃŸpflege  "Glueck um die Ecke" Roesrath;Hauptstr. 234A;51503 RÃ¶srath;02205-8918360;;;Gutschein FuÃŸpflege;45,00;Gudrun SÃ¤uberlich-Spannagel;Anna;Martina
401;708;Agim Veliu;Restaurant Zalero Bensberg;Engelbertstr. 2-4;51429 Bergisch Gladbach;02204-9131143;;;Gutschein;25,00;Martina Uedelhoven;Anna;Martina
402;3491;Agim Veliu;Restaurant Zalero Bensberg;Engelbertstr. 2-4;51429 Bergisch Gladbach;02204-9131143;;;Gutschein;25,00;Martina Uedelhoven;Anna;Martina
403;3224;Agim Veliu;Restaurant Zalero Bensberg;Engelbertstr. 2-4;51429 Bergisch Gladbach;02204-9131143;;;Gutschein;25,00;Martina Uedelhoven;Anna;Martina
404;2861;Marcus Kramer;Physiotherapie Kramer Bergisch Gladbach;Helene-StÃ¶cker-Str.8;51429 Bergisch Gladbach;info@physio-gladbach.de;;;Gutschein Massage +Fango 30 Min;60,00;Martina Uedelhoven;in der Praxis;Martina
405;3274;Marcus Kramer;Physiotherapie Kramer Bergisch Gladbach;Helene-StÃ¶cker-Str.8;51429 Bergisch Gladbach;info@physio-gladbach.de;;;Gutschein Massage +Fango 30 Min;60,00;Martina Uedelhoven;in der Praxis;Martina
406;2061;Johannes PÃ¼tz;LebensLust und GenussMittel Wochenmarkt;Gierather Str. 247;51469 Bergisch Gladbach;info@johannespuetz.de;;;Gutschein;50,00;Martina Uedelhoven;wird verschickt;Martina
407;561;Johannes PÃ¼tz;LebensLust und GenussMittel Wochenmarkt;Gierather Str. 247;51469 Bergisch Gladbach;info@johannespuetz.de;;;Gutschein;50,00;Martina Uedelhoven;wird verschickt;Martina
408;1611;Frau ;Silvia Patt Einrichtungshaus Patt Bensberg;Falltorstr. 2-6;51429 Bergisch Gladbach;;;;Praesente;Ueberraschung;Anna ;Im GeschÃ¤ft;Manuela Rex-Eberle
409;3217;Frau;Silvia Patt Einrichtungshaus Patt Bensberg;Falltorstr. 2-6;51429 Bergisch Gladbach;;;;Praesente;Ueberraschung;Anna ;Im GeschÃ¤ft;Manuela Rex-Eberle
410;2573;Frau;Silvia Patt Einrichtungshaus Patt Bensberg;Falltorstr. 2-6;51429 Bergisch Gladbach;;;;Praesente;Ueberraschung;Anna ;Im GeschÃ¤ft;Manuela Rex-Eberle
411;3029;Frau;Silvia Patt Einrichtungshaus Patt Bensberg;Falltorstr. 2-6;51429 Bergisch Gladbach;;;;Praesente;Ueberraschung;Anna ;Im GeschÃ¤ft;Manuela Rex-Eberle
412;3858;Frau;Silvia Patt Einrichtungshaus Patt Bensberg;Falltorstr. 2-6;51429 Bergisch Gladbach;;;;Praesente;Ueberraschung;Anna ;Im GeschÃ¤ft;Manuela Rex-Eberle
413;2463;Frau;Silvia Patt Einrichtungshaus Patt Bensberg;Falltorstr. 2-6;51429 Bergisch Gladbach;;;;Praesente;Ueberraschung;Anna ;Im GeschÃ¤ft;Manuela Rex-Eberle
414;1932;Frau Marx;Buchhandlung Zeilenreich Bensberg;KÃ¶lner Str. 19;51429 Bergisch Gladbach;;;;Praesente;38,00;Anna ;Im GeschÃ¤ft;Manuela Rex-Eberle
415;2437;Frau Marx;Buchhandlung Zeilenreich Bensberg;KÃ¶lner Str. 19;51429 Bergisch Gladbach;;;;Praesente;38,00;Anna ;Im GeschÃ¤ft;Manuela Rex-Eberle
416;734;Frau Marx;Buchhandlung Zeilenreich Bensberg;KÃ¶lner Str. 19;51429 Bergisch Gladbach;;;;Praesente;38,00;Anna ;Im GeschÃ¤ft;Manuela Rex-Eberle
417;3289;Frau Marx;Buchhandlung Zeilenreich Bensberg;KÃ¶lner Str. 19;51429 Bergisch Gladbach;;;;Praesente;38,00;Anna ;Im GeschÃ¤ft;Manuela Rex-Eberle
418;845;Frau Marx;Buchhandlung Zeilenreich Bensberg;KÃ¶lner Str. 19;51429 Bergisch Gladbach;;;;Praesente;38,00;Anna ;Im GeschÃ¤ft;Manuela Rex-Eberle
419;1273;Frau Marx;Buchhandlung Zeilenreich Bensberg;KÃ¶lner Str. 19;51429 Bergisch Gladbach;;;;Praesente;38,00;Anna ;Im GeschÃ¤ft;Manuela Rex-Eberle
420;3768;Frau;Alessandra Lovegrove Immobilien Overath ;Hauptstrasse 45;51491 Overath;;;;Gutschein Einkaufen in Overath;25,00;Manuela Rex-Eberle;Manuela Rex-Eberle;Manuela Rex-Eberle
421;755;Frau;Alessandra Lovegrove Immobilien Overath ;Hauptstrasse 45;51491 Overath;;;;Gutschein Einkaufen in Overath;25,00;Manuela Rex-Eberle;Manuela Rex-Eberle;Manuela Rex-Eberle
422;2269;Herr ;Buchhandlung Buecken Overath;Hauptstrasse 57a;51491 Overath;;;;Gutschein;10,00;Heike Drexel;Im GeschÃ¤ft;Manuela Rex-Eberle
423;2020;Herr ;Buchhandlung Buecken Overath;Hauptstrasse 57a;51491 Overath;;;;Gutschein;10,00;Heike Drexel;im GeschÃ¤ft;Manuela Rex-Eberle
424;2910;Herr ;Buchhandlung Buecken Overath;Hauptstrasse 57a;51491 Overath;;;;Gutschein;10,00;Heike Drexel;im GeschÃ¤ft;Manuela Rex-Eberle
425;1741;Firma;ACC Flug Event Roesrath;MÃ¼hlenweg 15b;51503 RÃ¶srath;;;;Gutschein 30 min. Rundflug;Gutschein;Heike Drexel;wird persÃ¶nlich Ã¼bergeben;Manuela Rex-Eberle
426;3092;;Beautiful Hair Lounge Herkenrath;Ball 2;51429 Bergisch Gladbach;;;;Gutschein ;20,00;Dagmar;im GeschÃ¤ft;Manuela Rex-Eberle
427;938;;Beautiful Hair Lounge Herkenrath;Ball 2;51429 Bergisch Gladbach;;;;Gutschein;20,00;Dagmar;im GeschÃ¤ft;Manuela Rex-Eberle
428;3781;;Beautiful Hair Lounge Herkenrath;Ball 2;51429 Bergisch Gladbach;;;;Gutschein;20,00;Dagmar;im GeschÃ¤ft;Manuela Rex-Eberle
429;1409;;Beautiful Hair Lounge Herkenrath;Ball 2;51429 Bergisch Gladbach;;;;Gutschein;20,00;Dagmar;im GeschÃ¤ft;Manuela Rex-Eberle
430;1084;;Beautiful Hair Lounge Herkenrath;Ball 2;51429 Bergisch Gladbach;;;;Gutschein;20,00;Dagmar;im GeschÃ¤ft;Manuela Rex-Eberle
431;863;Jonathan Caubat;WhatÂ´s up Jonny Manga Shop Roesrath;HauptstraÃŸe 9;51503 RÃ¶srath;02205-7299098;;;Gutschein;10,00;Heike Drexel;Im GeschÃ¤ft;Andrea
432;2680;Jonathan Caubat;WhatÂ´s up Jonny Manga Shop Roesrath;HauptstraÃŸe 9;51503 RÃ¶srath;o2205-7299098;;;Gutschein;10,00;Heike Drexel;im GeschÃ¤ft;Andrea
433;3613;Jonathan Caubat;WhatÂ´s up Jonny Manga Shop Roesrath;HauptstraÃŸe 9;51503 RÃ¶srath;02205-7299098;;;Gutschein;10,00;Heike Drexel;im GeschÃ¤ft;Andrea
434;1928;Jonathan Caubat;WhatÂ´s up Jonny Manga Shop Roesrath;HauptstraÃŸe 9;51503 RÃ¶srath;02205-7299098;;;Gutschein;10,00;Heike Drexel;im GeschÃ¤ft;Andrea
435;1040;Jonathan Caubat;WhatÂ´s up Jonny Manga Shop Roesrath;HauptstraÃŸe 9;51503 RÃ¶srath;02205-7299098;;;Gutschein;10,00;Heike Drexel;im GeschÃ¤ft;Andrea
436;3653;Jonathan Caubat;WhatÂ´s up Jonny Manga Shop Roesrath;HauptstraÃŸe 9;51503 RÃ¶srath;02205-7299098;;;Gutschein;10,00;Heike Drexel;im GeschÃ¤ft;Andrea
437;3139;Jonathan Caubat;WhatÂ´s up Jonny Manga Shop Roesrath;HauptstraÃŸe 9;51503 RÃ¶srath;02205-7299098;;;Gutschein;10,00;Heike Drexel;im GeschÃ¤ft;Andrea
438;3298;Jonathan Caubat;WhatÂ´s up Jonny Manga Shop Roesrath;HauptstraÃŸe 9;51503 RÃ¶srath;02205-7299098;;;Gutschein;10,00;Heike Drexel;im GeschÃ¤ft;Andrea
439;1746;Jonathan Caubat;WhatÂ´s up Jonny Manga Shop Roesrath;HauptstraÃŸe 9;51503 RÃ¶srath;02205-7299098;;; Gutschein ;10,00;Heike Drexel;im GeschÃ¤ft;Andrea
440;1345;Jonathan Caubat;WhatÂ´s up Jonny Manga Shop Roesrath;HauptstraÃŸe 9;51503 RÃ¶srath;02205-7299098;;;Gutschein;10,00;Heike Drexel;im GeschÃ¤ft;Andrea
441;439;Jonathan Caubat;WhatÂ´s up Jonny Manga Shop Roesrath;HauptstraÃŸe 9;51503 RÃ¶srath;02205-7299098;;;Gutschein;10,00;Heike Drexel;im GeschÃ¤ft;Andrea
442;259;Jonathan Caubat;WhatÂ´s up Jonny Manga Shop Roesrath;HauptstraÃŸe 9;51503 RÃ¶srath;02205-7299098;;;Gutschein;10,00;Heike Drexel;im GeschÃ¤ft;Andrea
443;1913;Jonathan Caubat;WhatÂ´s up Jonny Manga Shop Roesrath;HauptstraÃŸe 9;51503 RÃ¶srath;02205-7299098;;;Gutschein;10,00;Heike Drexel;im GeschÃ¤ft;Andrea
444;340;Jonathan Caubat;WhatÂ´s up Jonny Manga Shop Roesrath;HauptstraÃŸe 9;51503 RÃ¶srath;02205-7299098;;;Gutschein;10,00;Heike Drexel;im GeschÃ¤ft;Andrea
445;2285;Jonathan Caubat;WhatÂ´s up Jonny Manga Shop Roesrath;HauptstraÃŸe 9;51503 RÃ¶srath;02205-7299098;;;Gutschein;10,00;Heike Drexel;im GeschÃ¤ft;Andrea
446;244;Jonathan Caubat;WhatÂ´s up Jonny Manga Shop Roesrath;HauptstraÃŸe 9;51503 RÃ¶srath;02205-7299098;;;Gutschein;10,00;Heike Drexel;im GeschÃ¤ft;Andrea
447;76;Jonathan Caubat;WhatÂ´s up Jonny Manga Shop Roesrath;HauptstraÃŸe 9;51503 RÃ¶srath;02205-7299098;;;Gutschein;10,00;Heike Drexel;im GeschÃ¤ft;Andrea
448;3866;Jonathan Caubat;WhatÂ´s up Jonny Manga Shop Roesrath;HauptstraÃŸe 9;51503 RÃ¶srath;02205-7299098;;;Gutschein;10,00;Heike Drexel;im GeschÃ¤ft;Andrea
449;540;Jonathan Caubat;WhatÂ´s up Jonny Manga Shop Roesrath;HauptstraÃŸe 9;51503 RÃ¶srath;02205-7299098;;;Gutschein;10,00;Heike Drexel;im GeschÃ¤ft;Andrea
450;2905;Jonathan Caubat;WhatÂ´s up Jonny Manga Shop Roesrath;HauptstraÃŸe 9;51503 RÃ¶srath;02205-7299098;;;Gutschein;10,00;Heike Drexel;im GeschÃ¤ft;Andrea
451;1281;Frima;Heys Koffer Shop im KoelnBonner Flughafen;KennedystraÃŸe Term1;51147 KÃ¶ln;;;;Koffer;170,00;Manuela Rex-Eberle;wird persÃ¶nlich Ã¼bergeben;Manuela Rex-Eberle
452;1423;;Deko mit Stil Herkenrath;Ball 4;51429 Bergisch Gladbach;;;;Gutschein;15,00;Dagmar;im GeschÃ¤ft;Manuela Rex-Eberle
453;3423;;Deko mit Stil Herkenrath;Ball 4;51429 Bergisch Gladbach;;;;Gutschein;15,00;Dagmar;im GeschÃ¤ft;Manuela Rex-Eberle
454;2955;Sibylle Haas;Sibylle Haas Die Immobiliengutachterin Bergisch Gladach;Auf dem Kamm 6;51427 Bergisch Gladbach;hallo@die-immobilien-gutachterin.de;;;Gutschein Stand Up Paddling;15,00;;wird verschickt;Clementine
455;1726;Sibylle Haas;Sibylle Haas Die Immobiliengutachterin Bergisch Gladach;Auf dem Kamm 6;51427 Bergisch Gladbach;hallo@die-immobilien-gutachterin.de;;;Gutschein Stand Up Paddling;15,00;;wird verschickt;Clementine
456;2088;Sibylle Haas;Sibylle Haas Die Immobiliengutachterin Bergisch Gladach;Auf dem Kamm 6;51427 Bergisch Gladbach;hallo@die-immobilien-gutachterin.de;;;Gutschein Stand Up Paddling;15,00;;wird verschickt;Clementine
457;2945;Sibylle Haas;Sibylle Haas Die Immobiliengutachterin Bergisch Gladach;Auf dem Kamm 6;51427 Bergisch Gladbach;hallo@die-immobilien-gutachterin.de;;;Gutschein Stand Up Paddling;15,00;;wird verschickt;Clementine
458;639;Sibylle Haas;Sibylle Haas Die Immobiliengutachterin Bergisch Gladach;Auf dem Kamm 6;51427 Bergisch Gladbach;hallo@die-immobilien-gutachterin.de;;;Gutschein Stand Up Paddling;15,00;;wird verschickt;Clementine
459;1792;Sibylle Haas;Sibylle Haas Die Immobiliengutachterin Bergisch Gladach;Auf dem Kamm 6;51427 Bergisch Gladbach;hallo@die-immobilien-gutachterin.de;;;Gutschein Stand Up Paddling;15,00;;wird verschickt;Clementine
460;1833;Sibylle Haas;Sibylle Haas Die Immobiliengutachterin Bergisch Gladach;Auf dem Kamm 6;51427 Bergisch Gladbach;hallo@die-immobilien-gutachterin.de;;;Gutschein Stand Up Paddling;15,00;;wird verschickt;Clementine
461;3197;Bernd Wester;Mode Wester Roesrath;HauptstraÃŸe 33;51503 RÃ¶srath;info@wester-mode.de;;;Gutschein;10,00;Heike Drexel;wird verschickt;Andrea
462;2654;Bernd Wester;Mode Wester Roesrath;HauptstraÃŸe 33;51503 RÃ¶srath;info@wester-mode.de;;;Gutschein;10,00;Heike Drexel;wird verschickt;Andrea
463;2150;Bernd Wester;Mode Wester Roesrath;HauptstraÃŸe 33;51503 RÃ¶srath;info@wester-mode.de;;;Gutschein;10,00;Heike Drexel;wird verschickt;Andrea
464;2407;Bernd Wester;Mode Wester Roesrath;HauptstraÃŸe 33;51503 RÃ¶srath;info@wester-mode.de;;;Gutschein;10,00;Heike Drexel;wird verschickt;Andrea
465;1374;Bernd Wester;Mode Wester Roesrath;HauptstraÃŸe 33;51503 RÃ¶srath;info@wester-mode.de;;;Gutschein;10,00;Heike Drexel;wird verschickt;Andrea
466;3253;Michaela Rusch;Till Eulenspiegel Hoffnungsthal;HauptstraÃŸe 256;51503 RÃ¶srath;info@till-eulenspiegel-roesrath.de;;;Gutschein;25,00;Andrea Siebert;wird verschickt;Andrea
467;2316;Stadt Overath;Badino Overath;PropsteistraÃŸe 25;51491 Overath;badino@overath.de;;;Familienkarte 2 Erw. und 2 Kinder;13,00;Elisabeth Schwar;wird verschickt;Andrea
468;82;Stadt Overath;Badino Overath;PropsteistraÃŸe 25;51491 Overath;badino@overath.de;;;Familienkarte 1 Erw. und 3 Kinder;13,00;Elisabeth Schwar;wird verschickt;Andrea
469;1571;Stadt Overath;Badino Overath;PropsteistraÃŸe 25;51491 Overath;badino@overath.de;;;Familienkarte 2 Erw. und 2 Kinder;13,00;Elisabeth Schwar;wird verschickt;Andrea
470;3650;Stadt Overath;Badino Overath;PropsteistraÃŸe 25;51491 Overath;badino@overath.de;;;Familienkarte 1 Erw. und 3 Kinder;13,00;Elisabeth Schwar;wird verschickt;Andrea
471;803;Ursula Wintgens;Rewe Bensberg;SchloÃŸstr. 53;51429 Bergisch Gladbach;02204-5089790;;;Gutschein;50,00;Barbara Linder-Saupp;wird verschickt;Andrea
472;3716;Ursula Wintgens;Rewe Bensberg;SchloÃŸstr. 53;51429 Bergisch Gladbach;02204-5089790;;;Gutschein;50,00;Barbara Linder-Saupp;wird verschickt;Andrea
473;216;Oxana Eutener;Friseursalon Haarmonie Roesrath;HauptstraÃŸe 245;51503 RÃ¶srath;02205 2516;;;Gutschein;10,00;Andrea Siebert;wird verschickt;Andrea
474;496;Oxana Eutener;Friseursalon Haarmonie Roesrath;HauptstraÃŸe 245;51503 RÃ¶srath;02205 2516;;;Gutschein;10,00;Andrea Siebert;wird verschickt;Andrea
475;2214;Fabian Zimmermann;fresh& fair Food Lohmar;Meigerhof 1;53797 Lohmar;info@freshfairfood.de;;;Gutschein fresh Box 4kg;;Andrea Siebert;wird verschickt;Andrea
476;1497;Fabian Zimmermann;fresh& fair Food Lohmar;Meigerhof 1;53797 Lohmar;info@freshfairfood.de;;;Gutschein fresh Box 4kg;;Andrea Siebert;wird verschickt;Andrea
477;2248;Fabian Zimmermann;fresh& fair Food Lohmar;Meigerhof 1;53797 Lohmar;info@freshfairfood.de;;;Gutschein fresh Box 4kg;;Andrea Siebert;wird verschickt;Andrea
478;2856;Fabian Zimmermann;fresh& fair Food Lohmar;Meigerhof 1;53797 Lohmar;info@freshfairfood.de;;;Gutschein fresh Box 4kg;;Andrea Siebert;wird verschickt;Andrea
479;1576;Dominik Smolin;UNUM CORPUS Physiotherapie Overath Vilkerath;KÃ¶lner Str. 39;51491 Overath;02206-9489833;;;Massage mit Waerme;45,00;Elisabeth Schwar;im GeschÃ¤ft;Elisabeth
480;1798;Dominik Smolin;UNUM CORPUS Physiotherapie Overath Vilkerath;KÃ¶lner Str. 39;51491 Overath;02206-9489833;;;Massage mit Waerme;45,00;Elisabeth Schwar;im GeschÃ¤ft;Elisabeth
481;1834;Dominik Smolin;UNUM CORPUS Physiotherapie Overath Vilkerath;KÃ¶lner Str. 39;51491 Overath;02206-9489833;;;Massage mit Waerme;45,00;Elisabeth Schwar;im GeschÃ¤ft;Elisabeth
482;1014;Kreissparkasse KÃ¶ln;Einkaufen in Overath;Olper Str. 48;51491 Overath;;;;Gutschein Einkaufen in Overath;25,00;Elisabeth Schwar;wird zugeschickt;Elisabeth
483;2349;Michael Luedenbach;Restaurant Luedenbach Overath;Kleef 99;51491 Overath;02206-95380;;;Ueberraschungsmenue fÃ¼r 2 Personen;Gutschein;Manuela Rex-Eberle;wird zugeschickt;Elisabeth
484;3830;;TrisMar Da Nino Overath;Dr.-Ringens-StraÃŸe 15;51491 Overath;02206-9199170;;;Gutschein TrisMar Overath;25,00;;wird zugeschickt;Elisabeth
485;3176;Martin Scharrenbroich;Fleischerei Scharrenbroich Overath;Hauptstr. 68;51491 Overath;; 150,00 ;;Gutschein Kochschule;Gutschein;Manuela Rex-Eberle;wird persÃ¶nlich Ã¼bergeben;Manuela Rex-Eberle
486;1394;Herr Teske;Edeka Teske Bensberg;KÃ¶lner Str. 104;51427 Bergisch Gladbach;;;;Einkaufsgutschein ;20,00;Elisabeth Schwar;wird verschickt;Elisabeth
487;3021;Herr Teske;Edeka Teske Bensberg;KÃ¶lner Str. 104;51427 Bergisch Gladbach;;;;Einkaufsgutschein ;20,00;Elisabeth Schwar;wird verschickt;Elisabeth
488;1306;Herr Teske;Edeka Teske Bensberg;KÃ¶lner Str. 104;51427 Bergisch Gladbach;;;;Einkaufsgutschein ;20,00;Elisabeth Schwar;;Elisabeth
489;2875;Markus Schumann;SCHUMANNS Champagner  KÃ¶ln;Albertusstr.26;50667 KÃ¶ln;www.schumanns-champagner.de;;;M.BRUGNON  2 Flaschen Champagner;Blanc de Blancs und Blanc de Noirs 2018;Elisabeth Schwar;abhÃ¤ngig vom Wohnort;Elisabeth
490;1656;Markus Schumann;SCHUMANNS Champagner  KÃ¶ln;Albertusstr.26;50667 KÃ¶ln;www.schumanns-champagner.de;;;M.BRUGNON  2 Flaschen Champagner;Blanc de Blancs und Blanc de Noirs 2018;Elisabeth Schwar;abhÃ¤ngig vom Wohnort;Elisabeth
491;2198;Markus Schumann;SCHUMANNS Champagner  KÃ¶ln;Albertusstr.26;50667 KÃ¶ln;www.schumanns-champagner.de;;;M.BRUGNON  2 Flaschen Champagner;Blanc de Blancs und Blanc de Noirs 2018;Elisabeth Schwar;abhÃ¤ngig vom Wohnort;Elisabeth